"id","date","x_coord","y_coord","hired"
11228,"2013-03-08 18:06:15",17.9740867614746,59.260555267334,f
11146,"2013-03-01 22:47:53",18.0070724487305,59.2778129577637,f
11245,"2013-03-01 22:48:26",17.9539394378662,59.3570251464844,t
11464,"2013-03-08 18:06:31",18.1621513366699,59.3108901977539,f
10729,"2013-03-05 15:04:46",18.0748252868652,59.326530456543,f
10169,"2013-03-01 22:48:44",18.056266784668,59.328182220459,f
11266,"2013-03-01 22:47:52",17.9196815490723,59.4794692993164,t
11267,"2013-03-01 22:48:32",18.0279197692871,59.339412689209,t
11220,"2013-03-08 18:06:29",18.0419654846191,59.4677391052246,t
10740,"2013-03-05 15:05:25",18.0380249023438,59.3272476196289,t
10201,"2013-03-01 22:48:08",18.0117111206055,59.326244354248,f
10002,"2013-03-01 22:48:09",17.9215240478516,59.4445648193359,t
10073,"2013-03-05 15:04:39",17.9129447937012,59.4570121765137,t
11140,"2013-03-01 22:48:13",18.0517520904541,59.3451881408691,t
10936,"2013-03-05 15:04:50",18.0391044616699,59.3368263244629,f
10200,"2013-03-01 22:47:57",18.0181312561035,59.3738174438477,t
10198,"2013-03-01 22:48:05",18.0545501708984,59.2908706665039,t
11249,"2013-03-01 22:48:11",18.1447372436523,59.3065147399902,f
10742,"2013-03-05 15:05:05",18.1099071502686,59.2433700561523,f
10916,"2013-03-05 15:04:52",18.0208015441895,59.3442192077637,t
10138,"2013-03-01 22:47:57",18.0564575195312,59.3206481933594,t
10093,"2013-03-05 15:04:52",18.0400581359863,59.338623046875,t
10915,"2013-03-05 15:05:26",18.1049518585205,59.2446250915527,f
11189,"2013-03-05 15:05:15",18.0469226837158,59.2957878112793,f
11248,"2013-03-01 22:48:24",18.2012405395508,59.316234588623,f
10212,"2013-03-01 22:47:49",18.0607776641846,59.3187103271484,f
11611,"2013-03-01 22:48:48",17.9571170806885,59.3764724731445,f
10118,"2013-03-01 22:47:47",18.0242977142334,59.4015846252441,t
11526,"2013-03-01 22:48:29",18.0375175476074,59.3273582458496,t
10930,"2013-03-05 15:05:10",17.9381122589111,59.3384780883789,f
11747,"2013-03-01 22:47:47",17.9308032989502,59.4364547729492,f
10914,"2013-03-05 15:05:08",18.0894432067871,59.3410606384277,f
10737,"2013-03-05 15:05:28",17.9531764984131,59.3546943664551,f
11063,"2013-03-01 22:48:05",18.1517925262451,59.2220268249512,f
10086,"2013-03-05 15:05:28",17.9008674621582,59.3808822631836,f
11141,"2013-03-01 22:48:22",17.9531764984131,59.3606491088867,f
11538,"2013-03-01 22:48:21",18.0064373016357,59.3633041381836,t
10360,"2013-03-01 22:47:46",18.0628757476807,59.3455810546875,f
10506,"2013-03-01 22:48:38",18.055757522583,59.3103141784668,f
10741,"2013-03-05 15:05:19",17.9177112579346,59.4755973815918,t
11187,"2013-03-05 15:05:18",18.0086612701416,59.3055458068848,t
11268,"2013-03-01 22:48:00",18.0541687011719,59.3456192016602,f
10023,"2013-03-01 22:48:17",18.0558853149414,59.3429641723633,t
10036,"2013-03-01 22:48:40",18.0569019317627,59.3338508605957,t
10731,"2013-03-05 15:04:53",18.0677700042725,59.3328094482422,t
11531,"2013-03-01 22:48:36",18.0427284240723,59.3494567871094,f
10855,"2013-03-05 15:05:21",17.9383678436279,59.3382987976074,t
10428,"2013-03-01 22:48:12",17.959659576416,59.4077911376953,f
11786,"2013-03-01 22:48:30",18.0572834014893,59.3508911132812,f
10928,"2013-03-05 15:05:20",17.993408203125,59.2896881103516,f
10699,"2013-03-01 22:48:14",18.0731086730957,59.3146934509277,f
11533,"2013-03-01 22:48:47",18.0758419036865,59.4369201660156,t
11606,"2013-03-01 22:47:52",18.0099964141846,59.3306579589844,t
11547,"2013-03-01 22:48:33",18.0954170227051,59.2794990539551,f
10849,"2013-03-05 15:04:51",18.0365009307861,59.3546943664551,f
11475,"2013-03-05 15:05:18",18.0507354736328,59.3169174194336,t
11159,"2013-03-01 22:48:44",18.0254402160645,59.326171875,t
11493,"2013-03-05 15:04:50",18.0181941986084,59.3531875610352,t
10955,"2013-03-05 15:05:22",18.0682144165039,59.3390502929688,t
11491,"2013-03-05 15:05:31",18.0646553039551,59.4361686706543,f
11756,"2013-03-01 22:48:44",17.9733867645264,59.2892189025879,t
11494,"2013-03-05 15:05:10",18.0766048431396,59.3407745361328,f
10501,"2013-03-01 22:48:16",18.0508003234863,59.2890777587891,f
11406,"2013-03-01 22:48:46",18.015588760376,59.36376953125,f
10470,"2013-03-01 22:48:23",17.8978176116943,59.5591888427734,t
10148,"2013-03-05 15:05:15",17.9226684570312,59.5300216674805,t
10069,"2013-03-05 15:05:08",17.9390029907227,59.2930603027344,f
11387,"2013-03-01 22:48:43",18.0693588256836,59.3288612365723,f
10499,"2013-03-01 22:48:49",18.0715198516846,59.3361473083496,f
10370,"2013-03-01 22:48:45",17.9769458770752,59.2714614868164,t
10149,"2013-03-05 15:04:56",17.9761199951172,59.3560562133789,t
11381,"2013-03-01 22:48:46",18.0334491729736,59.3344612121582,f
10696,"2013-03-05 15:05:06",18.0077075958252,59.3272132873535,f
10048,"2013-03-01 22:42:19",18.0035762786865,59.3555908203125,f
10503,"2013-03-01 22:48:01",18.0881729125977,59.3048973083496,t
10049,"2013-03-01 22:48:08",17.997220993042,59.3540496826172,f
11402,"2013-03-01 22:48:41",18.0546760559082,59.3179588317871,f
10609,"2013-03-01 22:47:58",17.9198093414307,59.491096496582,t
10697,"2013-03-05 15:04:34",18.2821483612061,59.3211135864258,t
10948,"2013-03-05 15:04:35",18.0621128082275,59.3283233642578,t
11479,"2013-03-05 15:05:23",18.0697402954102,59.2759475708008,t
10750,"2013-03-08 18:06:29",18.1549701690674,59.3123626708984,t
10485,"2013-03-01 22:48:03",18.3119564056396,59.2787437438965,f
11139,"2013-03-05 15:05:13",18.0768585205078,59.3409538269043,f
10095,"2013-03-05 15:04:42",18.1023445129395,59.3140487670898,t
10176,"2013-03-08 18:06:21",17.9248294830322,59.6305809020996,t
10473,"2013-03-01 22:48:43",18.0668163299561,59.2954254150391,t
11123,"2013-03-01 22:48:01",18.0539779663086,59.345760345459,f
10043,"2013-03-08 18:06:19",17.901439666748,59.5463066101074,t
10414,"2013-03-01 22:48:51",18.0564575195312,59.328182220459,f
10694,"2013-03-05 15:04:57",18.0002727508545,59.2930221557617,f
11614,"2013-03-01 22:48:31",18.0099334716797,59.251407623291,t
10695,"2013-03-05 15:04:29",17.9522857666016,59.4002227783203,t
10751,"2013-03-08 18:06:34",17.8910808563232,59.3934745788574,t
10691,"2013-03-05 15:04:55",17.8991527557373,59.5518684387207,t
10397,"2013-03-01 22:48:51",18.0780658721924,59.3324851989746,t
11602,"2013-03-08 18:05:58",18.0323677062988,59.3340301513672,t
10534,"2013-03-01 22:48:25",18.074125289917,59.3221549987793,t
10402,"2013-03-05 15:05:06",18.3753223419189,59.1905975341797,f
10106,"2013-03-01 22:48:45",18.0467967987061,59.3406295776367,f
10616,"2013-03-01 22:47:59",18.4535617828369,59.2766647338867,f
10004,"2013-03-05 15:05:14",18.0119667053223,59.3794479370117,t
11221,"2013-03-05 15:05:03",17.9048728942871,59.6184196472168,t
10213,"2013-03-01 22:48:46",17.9628372192383,59.3399505615234,t
10065,"2013-03-01 22:48:12",17.9156761169434,59.4731559753418,f
10667,"2013-03-05 15:05:11",17.8964824676514,59.5972175598145,t
11226,"2013-03-05 15:05:12",18.0403137207031,59.3521118164062,f
10666,"2013-03-05 15:05:06",18.0935745239258,59.2727546691895,f
10222,"2013-03-01 22:47:49",18.0569648742676,59.3282890319824,t
10034,"2013-03-01 22:47:50",17.9325199127197,59.4011192321777,f
10075,"2013-03-08 18:05:43",18.0718364715576,59.3205413818359,f
10022,"2013-03-01 22:48:46",17.9213333129883,59.6283569335938,f
10761,"2013-03-08 18:05:51",18.0388507843018,59.354190826416,f
11223,"2013-03-05 15:05:18",18.0561389923096,59.3321647644043,f
10753,"2013-03-08 18:06:01",18.055757522583,59.3437156677246,t
10219,"2013-03-01 22:48:14",17.9969024658203,59.3519668579102,t
10756,"2013-03-08 18:06:06",17.925910949707,59.5256080627441,t
10926,"2013-03-01 22:48:03",18.0647830963135,59.3357887268066,f
10668,"2013-03-05 15:04:34",17.9261646270752,59.6202125549316,t
10433,"2013-03-08 18:06:36",18.1416873931885,59.1735191345215,f
10403,"2013-03-05 15:05:27",17.8879661560059,59.3556251525879,t
10425,"2013-03-01 22:48:05",18.0544853210449,59.3983535766602,t
11471,"2013-03-05 15:04:46",18.0160331726074,59.4747009277344,f
11369,"2013-03-08 18:05:45",18.1584014892578,59.2983703613281,f
11293,"2013-03-01 22:48:48",18.1161994934082,59.2426528930664,t
10376,"2013-03-01 22:48:18",18.051944732666,59.3505325317383,f
11564,"2013-03-01 22:48:29",17.9820957183838,59.2900466918945,t
10658,"2013-03-05 15:05:28",18.0460338592529,59.346622467041,f
11474,"2013-03-05 15:05:24",17.9551467895508,59.4097633361816,t
10395,"2013-03-05 15:04:39",18.1076831817627,59.2411460876465,t
10816,"2013-03-01 22:48:05",17.9244480133057,59.5063781738281,t
11062,"2013-03-01 22:48:22",18.0884265899658,59.2871742248535,t
10963,"2013-03-01 22:48:10",18.0753974914551,59.325740814209,t
10439,"2013-03-08 18:06:31",18.1223659515381,59.3088798522949,f
10763,"2013-03-08 18:06:23",18.0279197692871,59.3801307678223,t
10682,"2013-03-08 18:05:46",18.0170516967773,59.3049697875977,t
10805,"2013-03-01 22:47:57",17.8962917327881,59.5928039550781,t
11561,"2013-03-01 22:48:50",18.060079574585,59.2722511291504,f
11462,"2013-03-05 15:04:40",17.9520320892334,59.33740234375,t
10147,"2013-03-05 15:04:55",18.1674270629883,59.3465156555176,t
11465,"2013-03-05 15:04:26",18.0685329437256,59.3203964233398,f
10968,"2013-03-01 22:47:52",18.0460338592529,59.3342819213867,f
11240,"2013-03-08 18:05:43",18.0676422119141,59.3221206665039,t
10137,"2013-03-08 18:05:54",18.051944732666,59.3269996643066,t
10155,"2013-03-01 22:47:59",17.9799976348877,59.4038467407227,f
10122,"2013-03-05 15:04:43",18.0803546905518,59.3450088500977,f
11555,"2013-03-01 22:48:10",18.1550960540771,59.1865081787109,t
10975,"2013-03-01 22:48:44",18.0750141143799,59.4241485595703,t
11058,"2013-03-01 22:47:49",18.0316696166992,59.2991218566895,f
11567,"2013-03-01 22:48:10",18.0703125,59.2816505432129,f
11349,"2013-03-05 15:05:18",18.0623035430908,59.3435745239258,f
11553,"2013-03-01 22:48:44",18.0028781890869,59.3868751525879,t
10375,"2013-03-01 22:48:22",17.9358882904053,59.6515693664551,f
11347,"2013-03-05 15:04:40",18.0845489501953,59.3415298461914,f
11357,"2013-03-05 15:05:10",17.9086856842041,59.3977813720703,f
11569,"2013-03-01 22:47:52",17.8982639312744,59.5888938903809,f
11364,"2013-03-08 18:06:44",18.0712013244629,59.316520690918,f
10683,"2013-03-08 18:05:59",18.0841674804688,59.3149795532227,f
11362,"2013-03-08 18:06:30",18.085693359375,59.3251686096191,t
11066,"2013-03-01 22:47:48",18.0649738311768,59.3414192199707,t
10818,"2013-03-01 22:48:30",17.9765014648438,59.3316993713379,t
10769,"2013-03-08 18:05:41",18.0850563049316,59.3421745300293,t
11601,"2013-03-08 18:05:55",18.0030689239502,59.3146934509277,t
10379,"2013-03-01 22:47:50",18.0708847045898,59.3202514648438,f
11071,"2013-03-01 22:47:54",18.0070095062256,59.3400573730469,f
11497,"2013-03-08 18:05:45",17.9562892913818,59.3517189025879,f
11056,"2013-03-01 22:48:01",18.0733623504639,59.3278579711914,t
10043,"2013-03-05 15:04:50",18.0634479522705,59.4001502990723,f
10504,"2013-03-01 22:48:20",18.0141277313232,59.2998046875,t
11319,"2013-03-01 22:48:16",18.0375804901123,59.3338851928711,f
11365,"2013-03-05 15:05:30",18.039867401123,59.3452949523926,f
10677,"2013-03-08 18:05:56",18.0537242889404,59.3279685974121,t
10416,"2013-03-01 22:48:34",18.0602703094482,59.3389091491699,f
10976,"2013-03-01 22:47:47",18.055757522583,59.2914085388184,t
10678,"2013-03-08 18:06:39",18.0599517822266,59.318675994873,f
10440,"2013-03-01 22:48:37",18.1247806549072,59.364917755127,t
10981,"2013-03-01 22:48:06",18.0513076782227,59.3691177368164,t
10984,"2013-03-01 22:48:12",17.9344902038574,59.4174041748047,f
10177,"2013-03-05 15:04:46",17.8024826049805,59.3893165588379,f
10437,"2013-03-05 15:05:25",18.058744430542,59.3406677246094,f
10429,"2013-03-05 15:05:04",18.0642738342285,59.3343887329102,t
11239,"2013-03-05 15:04:52",17.9015045166016,59.3813858032227,f
11512,"2013-03-08 18:05:46",18.0604610443115,59.3421020507812,f
10957,"2013-03-08 18:05:58",18.059061050415,59.3475189208984,f
11587,"2013-03-01 22:48:39",17.9945526123047,59.378589630127,f
11513,"2013-03-08 18:05:46",18.0228977203369,59.3643074035645,t
11087,"2013-03-01 22:48:33",18.0094242095947,59.3802032470703,f
11084,"2013-03-01 22:48:22",17.9193649291992,59.4883346557617,f
10013,"2013-03-01 22:48:26",18.0080890655518,59.3252029418945,t
10306,"2013-03-01 22:48:14",18.0270309448242,59.2741889953613,t
10799,"2013-03-01 22:47:55",18.0750789642334,59.3071594238281,t
10753,"2013-03-05 15:05:25",18.0302066802979,59.3476257324219,f
11521,"2013-03-08 18:06:18",17.8964195251465,59.6175575256348,t
10785,"2013-03-08 18:06:06",18.0378971099854,59.3825340270996,f
10756,"2013-03-05 15:05:00",18.070629119873,59.3363609313965,f
11160,"2013-03-01 22:48:06",17.9351253509521,59.2312431335449,f
10300,"2013-03-01 22:47:56",17.9710369110107,59.3624076843262,t
10978,"2013-03-01 22:48:32",18.0558853149414,59.3395881652832,t
10985,"2013-03-01 22:48:00",17.9348087310791,59.33740234375,f
10898,"2013-03-08 18:05:44",18.0709476470947,59.3164482116699,f
10110,"2013-03-08 18:06:14",18.072473526001,59.336181640625,t
11442,"2013-03-01 22:48:03",18.0088520050049,59.4740524291992,t
11308,"2013-03-01 22:48:32",18.3780555725098,59.3074111938477,f
10152,"2013-03-08 18:06:04",17.9792976379395,59.4178009033203,f
10431,"2013-03-05 15:04:37",17.8321628570557,59.4546089172363,f
10766,"2013-03-05 15:04:33",18.0201015472412,59.3704795837402,t
10400,"2013-03-01 22:48:17",18.1268138885498,59.3067626953125,f
10009,"2013-03-08 18:06:38",18.0703754425049,59.3417434692383,t
11240,"2013-03-05 15:04:36",17.947582244873,59.2884292602539,f
11502,"2013-03-05 15:04:50",18.0480670928955,59.3399848937988,f
11372,"2013-03-05 15:04:55",18.0403137207031,59.3799858093262,t
11075,"2013-03-01 22:48:43",18.1005020141602,59.2984428405762,f
10767,"2013-03-05 15:05:28",17.939510345459,59.3817100524902,f
10778,"2013-03-08 18:06:26",18.0171146392822,59.328254699707,f
11334,"2013-03-01 22:47:55",18.0755233764648,59.3408470153809,f
11364,"2013-03-05 15:04:46",17.937349319458,59.6400871276855,t
11746,"2013-03-01 22:48:13",18.2286338806152,59.2438011169434,t
11321,"2013-03-01 22:48:16",18.1031074523926,59.2883949279785,f
11374,"2013-03-05 15:05:02",18.0910320281982,59.2792472839355,t
11745,"2013-03-01 22:47:48",18.0937652587891,59.3318061828613,f
11497,"2013-03-05 15:05:11",17.9003601074219,59.6191024780273,t
10487,"2013-03-01 22:47:47",18.0640830993652,59.326099395752,t
10746,"2013-03-01 22:48:10",18.0371341705322,59.3418502807617,t
10678,"2013-03-05 15:05:05",17.9250202178955,59.4531745910645,f
10899,"2013-03-08 18:06:26",17.918664932251,59.3586044311523,f
11623,"2013-03-08 18:06:15",18.0755863189697,59.3242721557617,f
10870,"2013-03-05 15:04:38",17.8920345306396,59.614330291748,t
11320,"2013-03-01 22:48:04",18.0736179351807,59.3324851989746,f
11425,"2013-03-01 22:48:19",17.9222240447998,59.4266624450684,f
10629,"2013-03-01 22:48:24",18.0394229888916,59.3535118103027,f
10773,"2013-03-05 15:05:07",18.0736179351807,59.3427848815918,f
10989,"2013-03-01 22:47:47",18.0532150268555,59.290225982666,f
11512,"2013-03-05 15:04:46",18.0361824035645,59.296573638916,f
10993,"2013-03-01 22:48:22",18.0645275115967,59.2938461303711,t
11728,"2013-03-01 22:48:40",18.0452709197998,59.453929901123,t
10862,"2013-03-08 18:06:42",18.0120944976807,59.3790893554688,t
10990,"2013-03-01 22:48:42",18.1335506439209,59.3658866882324,t
10627,"2013-03-01 22:48:45",17.9220333099365,59.5305595397949,f
11507,"2013-03-01 22:48:19",18.0782566070557,59.3324508666992,t
11506,"2013-03-08 18:05:41",18.1700973510742,59.3432846069336,f
11330,"2013-03-01 22:48:08",18.0126667022705,59.3461570739746,t
11420,"2013-03-01 22:47:52",18.074634552002,59.3144035339355,t
10078,"2013-03-08 18:06:36",17.9290237426758,59.392578125,t
10775,"2013-03-05 15:04:49",17.9700183868408,59.3803100585938,t
11099,"2013-03-08 18:06:02",18.0958614349365,59.2427597045898,f
10131,"2013-03-01 22:48:29",17.9314384460449,59.6507453918457,t
10863,"2013-03-05 15:05:15",18.0576019287109,59.3184585571289,t
11424,"2013-03-01 22:48:44",18.0914134979248,59.2804679870605,t
10749,"2013-03-01 22:48:04",18.0621776580811,59.3287200927734,f
11101,"2013-03-08 18:06:34",17.9873065948486,59.3329887390137,f
10235,"2013-03-01 22:48:04",18.0925579071045,59.2794609069824,f
10233,"2013-03-01 22:48:40",18.0753326416016,59.3295440673828,t
10639,"2013-03-01 22:48:02",18.0758419036865,59.3293304443359,t
10899,"2013-03-05 15:04:31",18.0594444274902,59.3491706848145,t
10010,"2013-03-08 18:06:02",18.0802917480469,59.3397331237793,t
10831,"2013-03-01 22:48:07",17.9678573608398,59.3009872436523,t
11007,"2013-03-08 18:06:25",17.9335994720459,59.4176559448242,f
10777,"2013-03-05 15:05:23",18.0163516998291,59.3639488220215,t
11515,"2013-03-05 15:04:42",18.1380004882812,59.1658782958984,f
10159,"2013-03-01 22:48:01",17.9266090393066,59.5232391357422,t
10772,"2013-03-08 18:06:05",18.0447616577148,59.3288612365723,f
10865,"2013-03-05 15:04:51",17.9806957244873,59.3333854675293,t
11590,"2013-03-01 22:48:45",18.0214366912842,59.3305511474609,f
11005,"2013-03-08 18:05:43",18.056583404541,59.3324851989746,t
11597,"2013-03-01 22:48:23",18.0953540802002,59.3405227661133,t
10682,"2013-03-05 15:05:07",18.0621776580811,59.3439674377441,f
11511,"2013-03-05 15:05:12",18.2206249237061,59.248966217041,t
10776,"2013-03-05 15:05:17",17.9610576629639,59.3421020507812,t
10160,"2013-03-01 22:48:35",17.9208240509033,59.4461059570312,f
10083,"2013-03-01 22:48:24",18.0884265899658,59.2875709533691,f
11004,"2013-03-08 18:06:24",17.972053527832,59.3761138916016,f
10819,"2013-03-01 22:48:09",18.0835952758789,59.316234588623,f
10683,"2013-03-05 15:05:12",17.9798698425293,59.3591079711914,t
10417,"2013-03-08 18:06:29",17.9341087341309,59.6454696655273,f
10640,"2013-03-01 22:48:29",18.056583404541,59.3205032348633,f
11004,"2013-03-05 15:05:28",18.0199108123779,59.3643455505371,t
10164,"2013-03-01 22:48:42",17.924129486084,59.497802734375,f
10151,"2013-03-05 15:05:23",17.9240036010742,59.5104675292969,t
10231,"2013-03-01 22:48:42",18.0708847045898,59.3302612304688,t
10161,"2013-03-01 22:48:07",18.0657997131348,59.4307518005371,t
10825,"2013-03-01 22:48:43",17.9004878997803,59.5478515625,t
10311,"2013-03-01 22:48:15",18.0621128082275,59.2950325012207,t
10328,"2013-03-01 22:48:50",17.9245758056641,59.2108688354492,f
10025,"2013-03-01 22:48:32",18.0808639526367,59.3371887207031,f
10165,"2013-03-01 22:48:17",17.6489276885986,59.1682472229004,t
10324,"2013-03-01 22:48:36",18.0741882324219,59.3126487731934,t
10253,"2013-03-01 22:48:22",18.0475597381592,59.3751068115234,t
11211,"2013-03-08 18:05:50",18.084867477417,59.2967529296875,f
11106,"2013-03-01 22:48:07",18.0595703125,59.3304786682129,f
11112,"2013-03-05 15:05:07",17.919490814209,59.4902687072754,t
10247,"2013-03-01 22:48:06",17.9058265686035,59.3778686523438,f
10408,"2013-03-08 18:06:02",18.0057373046875,59.2960739135742,t
11202,"2013-03-08 18:05:45",18.2240562438965,59.2419357299805,t
10251,"2013-03-01 22:48:30",18.0565204620361,59.3291854858398,t
11116,"2013-03-08 18:05:39",18.0622406005859,59.3339958190918,f
11620,"2013-03-01 22:48:09",18.077112197876,59.3403434753418,t
10413,"2013-03-05 15:05:21",17.9365882873535,59.650707244873,t
10317,"2013-03-01 22:48:33",18.06471824646,59.335823059082,f
11043,"2013-03-01 22:48:12",17.9324550628662,59.6511726379395,f
11013,"2013-03-01 22:47:59",18.0174961090088,59.3744964599609,t
10333,"2013-03-01 22:48:45",18.0758419036865,59.3058319091797,f
10031,"2013-03-01 22:48:34",18.2047996520996,59.4933547973633,t
10110,"2013-03-05 15:04:30",18.0893154144287,59.4481163024902,f
10332,"2013-03-01 22:48:04",18.079273223877,59.3321266174316,t
10996,"2013-03-01 22:48:25",18.0836582183838,59.3007736206055,t
10412,"2013-03-05 15:05:19",17.9499988555908,59.2745475769043,f
11144,"2013-03-01 22:48:41",18.0603332519531,59.3389091491699,f
10322,"2013-03-01 22:48:47",18.0628128051758,59.3189277648926,f
11202,"2013-03-05 15:04:52",18.043872833252,59.3871994018555,f
11107,"2013-03-08 18:05:56",17.8155746459961,59.4746627807617,f
10316,"2013-03-01 22:48:11",18.1073017120361,59.3116798400879,f
10323,"2013-03-01 22:47:53",18.0642108917236,59.3356094360352,f
10112,"2013-03-08 18:06:38",18.0167961120605,59.3539428710938,t
11151,"2013-03-01 22:48:34",17.9952507019043,59.4740905761719,f
11603,"2013-03-08 18:05:54",18.0516262054443,59.3430366516113,t
11150,"2013-03-01 22:47:49",18.0676422119141,59.3358573913574,t
10312,"2013-03-01 22:48:02",17.9372234344482,59.6394424438477,t
11109,"2013-03-01 22:48:48",18.0593166351318,59.3405952453613,f
11015,"2013-03-05 15:04:36",18.0534687042236,59.3437156677246,t
10348,"2013-03-01 22:48:49",18.012601852417,59.3457260131836,t
10526,"2013-03-01 22:48:00",18.0668792724609,59.3402366638184,t
10409,"2013-03-08 18:06:16",18.0856285095215,59.3387641906738,f
10780,"2013-03-05 15:04:34",18.0388507843018,59.4170455932617,f
10409,"2013-03-05 15:04:55",18.0904598236084,59.3352127075195,f
10298,"2013-03-01 22:48:34",17.9126262664795,59.3756446838379,t
10078,"2013-03-05 15:05:13",17.9438323974609,59.4136047363281,t
11093,"2013-03-05 15:04:38",17.8038806915283,59.4746284484863,f
11156,"2013-03-08 18:06:26",18.054105758667,59.3510360717773,f
11492,"2013-03-01 22:48:44",18.0422821044922,59.3941230773926,t
10894,"2013-03-01 22:47:53",18.0259494781494,59.3093109130859,f
11101,"2013-03-05 15:04:35",18.0983409881592,59.3502807617188,t
10529,"2013-03-01 22:48:36",18.0944633483887,59.3042526245117,t
11115,"2013-03-08 18:06:36",18.0138092041016,59.3775825500488,t
10410,"2013-03-08 18:05:50",18.0370082855225,59.4160041809082,f
10782,"2013-03-05 15:04:48",18.1043796539307,59.3559150695801,f
10532,"2013-03-01 22:48:16",18.0846118927002,59.4270210266113,f
10530,"2013-03-01 22:47:50",18.0615406036377,59.3378677368164,t
11012,"2013-03-05 15:04:36",17.9311218261719,59.433837890625,f
10891,"2013-03-01 22:48:22",18.0358009338379,59.338623046875,t
10030,"2013-03-01 22:48:07",18.0903339385986,59.3352508544922,f
11115,"2013-03-05 15:04:47",18.0505466461182,59.3469467163086,f
10892,"2013-03-01 22:48:03",17.8689632415771,59.4042739868164,f
11154,"2013-03-01 22:47:57",18.0630664825439,59.3188171386719,t
10883,"2013-03-01 22:48:42",18.055757522583,59.3305854797363,f
10345,"2013-03-01 22:48:34",18.0030040740967,59.422607421875,t
10410,"2013-03-05 15:05:26",18.009105682373,59.3493843078613,f
10041,"2013-03-08 18:06:21",18.0094871520996,59.3388023376465,t
10029,"2013-03-01 22:48:29",18.0831508636475,59.3126831054688,f
10338,"2013-03-01 22:47:54",18.0765419006348,59.307731628418,f
10101,"2013-03-05 15:05:13",18.0568370819092,59.3322715759277,f
10881,"2013-03-01 22:48:06",18.0470504760742,59.2958221435547,t
10042,"2013-03-08 18:05:44",17.9587688446045,59.3455810546875,t
10335,"2013-03-01 22:48:05",18.100564956665,59.3010940551758,t
10042,"2013-03-05 15:04:44",17.9808864593506,59.3540840148926,t
11152,"2013-03-01 22:48:17",18.1964721679688,59.3440017700195,t
10015,"2013-03-08 18:06:37",18.0393600463867,59.3527565002441,t
11178,"2013-03-01 22:47:52",18.0113315582275,59.3406295776367,t
11105,"2013-03-05 15:05:27",17.9822845458984,59.355411529541,t
11105,"2013-03-08 18:06:04",18.0416488647461,59.3267822265625,f
10290,"2013-03-01 22:48:03",18.172004699707,59.344898223877,f
11570,"2013-03-08 18:07:10",17.9509525299072,59.3221893310547,t
10888,"2013-03-01 22:48:40",17.9866065979004,59.3941230773926,t
10770,"2013-03-05 15:06:09",18.042537689209,59.3290786743164,t
10538,"2013-03-01 22:48:37",18.0090427398682,59.357063293457,t
11174,"2013-03-01 22:47:50",18.0799083709717,59.2530555725098,f
10651,"2013-03-01 22:48:31",17.8956565856934,59.6168060302734,t
10541,"2013-03-01 22:47:47",18.014762878418,59.363842010498,f
10067,"2013-03-01 22:48:45",18.0286178588867,59.3591079711914,t
10113,"2013-03-05 15:06:10",17.9456768035889,59.3388748168945,f
11435,"2013-03-01 22:48:36",18.0542964935303,59.3634834289551,t
11571,"2013-03-05 15:05:54",17.8984527587891,59.5544509887695,f
11124,"2013-03-05 15:06:36",17.947582244873,59.3559494018555,f
10715,"2013-03-05 15:06:05",18.0691032409668,59.3363265991211,f
11128,"2013-03-05 15:05:41",18.0634479522705,59.3409881591797,t
11077,"2013-03-05 15:06:04",18.0135555267334,59.3793411254883,t
11131,"2013-03-05 15:05:44",17.924129486084,59.4566535949707,t
11192,"2013-03-01 22:47:53",18.0763492584229,59.3290061950684,f
10308,"2013-03-05 15:05:47",18.0492115020752,59.3311614990234,t
10012,"2013-03-01 22:47:53",18.0721549987793,59.3318786621094,t
10336,"2013-03-08 18:07:14",18.0734901428223,59.336971282959,f
10649,"2013-03-01 22:48:19",18.1442928314209,59.1903114318848,f
10879,"2013-03-01 22:48:51",18.0217533111572,59.3285751342773,t
11166,"2013-03-01 22:48:24",17.8333702087402,59.423828125,f
10922,"2013-03-05 15:05:43",17.9250202178955,59.5011749267578,f
10680,"2013-03-01 22:48:14",18.0678977966309,59.3394470214844,t
10648,"2013-03-01 22:48:07",18.0470504760742,59.2958564758301,t
11204,"2013-03-01 22:48:24",18.0586185455322,59.310604095459,f
10407,"2013-03-05 15:06:17",18.0384693145752,59.3532943725586,t
11175,"2013-03-01 22:47:56",18.0414562225342,59.3522186279297,t
10732,"2013-03-08 18:07:29",18.0804176330566,59.3013458251953,t
11128,"2013-03-08 18:07:29",17.9515247344971,59.2228507995605,t
11169,"2013-03-01 22:48:36",17.9998912811279,59.3244514465332,t
11436,"2013-03-01 22:48:33",17.8994693756104,59.5735015869141,f
11447,"2013-03-01 22:48:17",18.0938282012939,59.4681358337402,t
10308,"2013-03-08 18:07:23",18.0581092834473,59.3412399291992,f
11126,"2013-03-08 18:07:10",17.8247890472412,59.3852958679199,f
11196,"2013-03-01 22:48:29",17.9008045196533,59.5773773193359,f
10006,"2013-03-01 22:47:51",18.0631294250488,59.3189277648926,f
10647,"2013-03-01 22:48:44",17.9291515350342,59.5051231384277,t
10951,"2013-03-05 15:06:25",18.0616683959961,59.3376159667969,f
11429,"2013-03-01 22:48:40",18.02366065979,59.3538703918457,f
11195,"2013-03-01 22:48:46",18.0505466461182,59.3406677246094,t
10190,"2013-03-08 17:52:19",18.1207122802734,59.3071594238281,t
10878,"2013-03-05 15:05:56",18.0650367736816,59.3335647583008,t
10026,"2013-03-01 22:48:24",17.9001064300537,59.5493202209473,f
10070,"2013-03-05 15:06:09",17.9062061309814,59.5404624938965,f
10071,"2013-03-01 22:47:53",18.0542316436768,59.3409538269043,f
11418,"2013-03-08 18:07:12",18.0812435150146,59.3375091552734,t
11276,"2013-03-08 18:07:00",18.0636386871338,59.3427124023438,t
11082,"2013-03-08 18:07:14",18.2831020355225,59.482234954834,f
10724,"2013-03-01 22:48:25",18.0132389068604,59.3623352050781,f
11457,"2013-03-01 22:48:41",18.0434913635254,59.2743682861328,f
11459,"2013-03-01 22:48:01",18.1184253692627,59.2881088256836,t
10047,"2013-03-08 18:07:36",18.0690402984619,59.3295440673828,f
10056,"2013-03-01 22:48:19",18.1072387695312,59.3116416931152,t
10270,"2013-03-05 15:06:21",17.4996318817139,59.5737190246582,t
10258,"2013-03-01 22:48:25",17.6996459960938,59.844295501709,f
10717,"2013-03-01 22:48:22",17.9375400543213,59.6405563354492,f
10546,"2013-03-01 22:48:15",17.9201259613037,59.4817314147949,f
11448,"2013-03-01 22:48:32",18.0246143341064,59.290584564209,t
10019,"2013-03-08 18:07:31",17.9342994689941,59.6450386047363,f
10260,"2013-03-01 22:48:00",17.9239406585693,59.5128364562988,t
10146,"2013-03-01 22:48:38",18.0628757476807,59.3362884521484,t
11121,"2013-03-05 15:06:22",18.0584907531738,59.3409538269043,f
10997,"2013-03-08 18:07:19",18.0759048461914,59.3333854675293,f
11213,"2013-03-01 22:48:36",17.9629001617432,59.4151458740234,f
10910,"2013-03-05 15:06:36",18.0890617370605,59.3343162536621,f
10070,"2013-03-08 18:06:56",17.9018840789795,59.545768737793,t
11209,"2013-03-01 22:48:43",18.054931640625,59.3120727539062,f
10587,"2013-03-05 15:05:36",18.0731086730957,59.3220100402832,t
11322,"2013-03-05 15:05:47",18.0696125030518,59.2783851623535,f
11379,"2013-03-05 15:05:49",17.929723739624,59.3758239746094,f
11456,"2013-03-01 22:48:15",18.1481056213379,59.22216796875,f
10719,"2013-03-01 22:48:21",18.2343521118164,59.249755859375,f
10688,"2013-03-01 22:48:26",17.8246002197266,59.3851165771484,f
10330,"2013-03-08 18:07:13",18.0150165557861,59.305793762207,t
10906,"2013-03-05 15:06:21",18.0340843200684,59.3149795532227,t
10705,"2013-03-01 22:48:31",17.8620986938477,59.2543144226074,f
10550,"2013-03-01 22:47:54",18.0601425170898,59.3280754089355,t
10653,"2013-03-05 15:06:12",18.0751419067383,59.3295097351074,t
10354,"2013-03-05 15:06:26",17.965124130249,59.3467674255371,f
10547,"2013-03-01 22:48:13",18.0371990203857,59.3273582458496,f
11168,"2013-03-05 15:06:06",18.0325584411621,59.3342094421387,t
11135,"2013-03-08 18:07:36",18.2580604553223,59.2872123718262,t
10974,"2013-03-05 15:06:36",18.0733623504639,59.3295822143555,f
10729,"2013-03-01 22:47:56",18.1027908325195,59.4448165893555,f
10632,"2013-03-05 15:05:56",17.9960765838623,59.3611526489258,t
10250,"2013-03-08 18:06:52",17.90061378479,59.5777702331543,t
10835,"2013-03-01 22:48:08",18.0593795776367,59.3185653686523,f
10044,"2013-03-05 15:05:32",18.0174961090088,59.2907981872559,t
10168,"2013-03-08 18:06:57",18.0136184692383,59.3315887451172,f
10844,"2013-03-01 22:48:02",18.07546043396,59.3260650634766,f
11216,"2013-03-01 22:47:49",18.0436172485352,59.3859405517578,t
10841,"2013-03-01 22:48:37",17.8979454040527,59.6015930175781,t
10738,"2013-03-01 22:48:36",17.9268627166748,59.3744277954102,f
11609,"2013-03-01 22:48:50",17.9243202209473,59.4983787536621,f
10565,"2013-03-05 15:06:09",18.0024337768555,59.3482360839844,t
10742,"2013-03-01 22:47:51",17.8973731994629,59.5654678344727,t
10736,"2013-03-01 22:48:17",18.0939540863037,59.3312301635742,t
10585,"2013-03-05 15:06:18",18.0583629608154,59.3343544006348,f
11132,"2013-03-08 18:07:32",17.9561004638672,59.4092979431152,t
10163,"2013-03-05 15:06:22",17.9442138671875,59.406177520752,f
11078,"2013-03-08 18:07:30",18.1370468139648,59.3024940490723,f
11142,"2013-03-05 15:06:15",18.054931640625,59.3120727539062,f
10272,"2013-03-01 22:48:49",18.0350379943848,59.4614601135254,t
10739,"2013-03-01 22:48:29",18.0788288116455,59.3121452331543,f
10637,"2013-03-05 15:06:03",17.9180927276611,59.6264190673828,t
10301,"2013-03-05 15:05:53",18.0195922851562,59.364200592041,t
11134,"2013-03-08 18:07:34",18.0603332519531,59.3347816467285,t
11028,"2013-03-01 22:48:16",18.0803546905518,59.3167037963867,t
10903,"2013-03-05 15:06:16",18.053279876709,59.3654556274414,f
10905,"2013-03-05 15:05:59",18.0628757476807,59.3212585449219,f
10274,"2013-03-01 22:48:06",18.0255680084229,59.3092384338379,t
10390,"2013-03-05 15:05:59",17.9804420471191,59.3972053527832,t
10276,"2013-03-01 22:48:12",18.1380004882812,59.365779876709,f
10910,"2013-03-08 18:07:39",18.073299407959,59.3075180053711,f
10074,"2013-03-01 22:47:46",18.0987854003906,59.3243789672852,t
11188,"2013-03-05 15:06:21",18.0661163330078,59.3244857788086,t
11027,"2013-03-01 22:47:59",18.0262031555176,59.335391998291,t
10280,"2013-03-01 22:48:42",18.0326862335205,59.3565979003906,t
10587,"2013-03-08 18:07:30",18.0668792724609,59.3079833984375,t
11025,"2013-03-05 15:06:05",17.8924789428711,59.3457260131836,t
10267,"2013-03-01 22:48:33",17.9463119506836,59.3384780883789,t
10269,"2013-03-01 22:48:33",17.9919452667236,59.2901878356934,f
10569,"2013-03-05 15:06:01",18.0234069824219,59.353832244873,f
10572,"2013-03-08 18:07:14",18.080545425415,59.3318061828613,t
10932,"2013-03-01 22:48:11",18.0738086700439,59.3215446472168,f
11133,"2013-03-05 15:05:46",18.0206737518311,59.3442535400391,f
11379,"2013-03-08 18:07:39",18.0914764404297,59.2794990539551,t
11182,"2013-03-01 22:48:06",17.929723739624,59.6335601806641,t
10906,"2013-03-08 18:07:06",18.1046333312988,59.2589416503906,f
11184,"2013-03-01 22:48:23",17.8987083435059,59.5718154907227,f
10916,"2013-03-01 22:47:59",18.0407581329346,59.3514289855957,f
10953,"2013-03-05 15:05:49",18.1041889190674,59.3139038085938,t
10387,"2013-03-01 22:48:34",18.1812839508057,59.3069076538086,f
10189,"2013-03-05 15:05:52",17.9676666259766,59.3357887268066,t
10091,"2013-03-01 22:48:18",17.9169483184814,59.4532089233398,f
10386,"2013-03-01 22:48:48",18.0682773590088,59.3390502929688,t
10846,"2013-03-01 22:47:52",18.0678977966309,59.3214721679688,t
10188,"2013-03-05 15:06:07",17.9197444915771,59.4837760925293,t
10381,"2013-03-01 22:48:49",18.1214122772217,59.2397842407227,f
10181,"2013-03-05 15:05:59",18.0938911437988,59.3157691955566,t
10913,"2013-03-01 22:48:10",17.9435157775879,59.3611869812012,t
10191,"2013-03-05 15:06:33",17.9462471008301,59.3556632995605,f
11168,"2013-03-08 18:07:26",18.0503559112549,59.3478050231934,t
10794,"2013-03-05 15:06:13",17.8877754211426,59.3502464294434,f
10086,"2013-03-01 22:48:16",17.8854236602783,59.343391418457,t
10931,"2013-03-01 22:48:05",18.1018352508545,59.3011665344238,t
10455,"2013-03-05 15:05:34",18.0740623474121,59.3142623901367,f
10974,"2013-03-08 18:07:31",18.0584278106689,59.3309440612793,t
11185,"2013-03-01 22:48:47",18.0742530822754,59.3222274780273,t
10789,"2013-03-05 15:05:50",18.0156536102295,59.3006286621094,f
11187,"2013-03-01 22:48:09",18.0509262084961,59.336540222168,f
10848,"2013-03-01 22:48:26",18.0755233764648,59.3405952453613,t
11139,"2013-03-01 22:48:15",18.056583404541,59.333812713623,f
10079,"2013-03-05 15:06:36",18.0607147216797,59.3384437561035,f
10632,"2013-03-08 18:07:12",17.9285793304443,59.4197387695312,f
10388,"2013-03-01 22:48:38",18.1093368530273,59.3148345947266,f
10580,"2013-03-08 18:07:30",18.0426006317139,59.2631378173828,t
11186,"2013-03-01 22:48:02",17.9939804077148,59.3661041259766,t
10852,"2013-03-01 22:48:21",18.0413303375244,59.316234588623,t
10463,"2013-03-05 15:06:17",18.1076831817627,59.3085594177246,t
10691,"2013-03-01 22:47:55",18.0748882293701,59.3074798583984,t
10925,"2013-03-01 22:48:38",17.957498550415,59.3647766113281,t
10578,"2013-03-08 18:07:30",18.0047855377197,59.3710556030273,t
11050,"2013-03-05 15:06:26",18.0540409088135,59.3300819396973,f
10955,"2013-03-01 22:48:47",17.977518081665,59.3337440490723,t
11467,"2013-03-01 22:48:03",18.118106842041,59.2345809936523,f
10577,"2013-03-08 18:07:01",18.0413932800293,59.3162002563477,t
10040,"2013-03-01 22:47:55",18.1377468109131,59.1664505004883,f
11053,"2013-03-05 15:05:32",18.0076446533203,59.2984046936035,t
10585,"2013-03-08 18:07:01",18.0443172454834,59.3852233886719,f
11488,"2013-03-01 22:48:08",17.9293422698975,59.6474800109863,f
11524,"2013-03-08 18:07:10",17.9583873748779,59.4551467895508,t
10163,"2013-03-08 18:07:20",18.0436172485352,59.3268203735352,t
10596,"2013-03-05 15:06:20",17.9312496185303,59.2281608581543,f
10404,"2013-03-01 22:48:24",18.0601425170898,59.3314476013184,f
10456,"2013-03-05 15:05:44",17.9619464874268,59.3407745361328,f
11052,"2013-03-05 15:05:59",18.0978317260742,59.3144760131836,f
10447,"2013-03-05 15:05:43",18.2231044769287,59.3142242431641,f
10637,"2013-03-08 18:07:41",17.902774810791,59.4145698547363,f
10018,"2013-03-08 18:07:07",18.0776214599609,59.3325233459473,t
10605,"2013-03-05 15:06:03",17.9654426574707,59.3289337158203,f
10903,"2013-03-08 18:07:34",18.0058650970459,59.3022804260254,t
10186,"2013-03-05 15:06:20",18.1076831817627,59.3546562194824,t
10696,"2013-03-01 22:48:35",18.1348857879639,59.3598594665527,f
11481,"2013-03-01 22:48:40",17.9538745880127,59.2898292541504,t
10448,"2013-03-05 15:05:56",18.0402488708496,59.3448638916016,t
11341,"2013-03-01 22:47:50",18.0605239868164,59.3347816467285,t
10948,"2013-03-01 22:47:58",18.0994853973389,59.3140830993652,t
10134,"2013-03-01 22:48:21",17.9266090393066,59.5216979980469,t
10583,"2013-03-08 18:07:39",18.0714569091797,59.3414192199707,t
11479,"2013-03-01 22:47:47",18.0936374664307,59.3489189147949,f
10723,"2013-03-08 18:07:38",18.073299407959,59.3143348693848,f
11499,"2013-03-01 22:48:26",18.0605239868164,59.318531036377,f
10147,"2013-03-01 22:48:08",18.0348472595215,59.3539428710938,t
11250,"2013-03-05 15:06:03",17.9745941162109,59.4009017944336,t
10943,"2013-03-01 22:48:42",18.0725994110107,59.3140830993652,f
10195,"2013-03-05 15:06:36",18.0745697021484,59.3381195068359,t
10664,"2013-03-01 22:48:32",18.058744430542,59.338191986084,t
11241,"2013-03-01 22:47:59",18.0670070648193,59.3357162475586,t
10938,"2013-03-05 15:06:02",18.1155643463135,59.3042869567871,f
10435,"2013-03-01 22:48:04",18.0778121948242,59.3307647705078,f
10953,"2013-03-08 18:06:45",18.1005020141602,59.2552452087402,f
11368,"2013-03-01 22:48:01",18.0599517822266,59.3380851745605,t
11253,"2013-03-05 15:05:44",18.0206737518311,59.3026008605957,t
10124,"2013-03-01 22:48:46",18.0807342529297,59.3369369506836,f
10117,"2013-03-05 15:06:25",17.9243850708008,59.4204177856445,t
10185,"2013-03-05 15:06:20",17.9227313995361,59.4123458862305,f
10080,"2013-03-08 18:07:13",18.0859470367432,59.2921257019043,f
10127,"2013-03-05 15:05:44",18.0160980224609,59.3450088500977,t
10437,"2013-03-01 22:48:34",17.954065322876,59.3371505737305,f
10189,"2013-03-08 18:07:11",17.980188369751,59.3652420043945,t
10432,"2013-03-01 22:48:08",18.0584907531738,59.3129692077637,t
11279,"2013-03-05 15:05:38",18.1251621246338,59.1425247192383,f
10453,"2013-03-08 18:05:55",18.1161365509033,59.2611656188965,f
10606,"2013-03-08 18:07:08",17.9324550628662,59.6497039794922,t
11278,"2013-03-05 15:06:21",17.9737682342529,59.4017639160156,t
11232,"2013-03-01 22:48:13",18.0717105865479,59.479076385498,f
10181,"2013-03-08 18:07:35",18.0511817932129,59.3325958251953,f
10193,"2013-03-05 15:05:52",18.0248699188232,59.3342819213867,t
11369,"2013-03-01 22:48:40",17.9693832397461,59.403881072998,f
10191,"2013-03-08 18:07:23",17.956226348877,59.4255485534668,t
10790,"2013-03-08 18:07:30",18.0049743652344,59.3390502929688,f
11263,"2013-03-05 15:05:34",17.9761848449707,59.3550186157227,t
11262,"2013-03-05 15:06:00",17.9228591918945,59.442268371582,f
10197,"2013-03-05 15:06:21",17.9772644042969,59.3609352111816,f
10607,"2013-03-05 15:06:25",17.9131355285645,59.3671073913574,f
10791,"2013-03-08 18:07:19",17.9896583557129,59.3748207092285,f
10183,"2013-03-08 18:07:44",18.0818157196045,59.3402366638184,t
11244,"2013-03-05 15:06:14",17.949426651001,59.4118804931641,t
10459,"2013-03-08 18:06:46",18.0359916687012,59.354549407959,t
11269,"2013-03-05 15:05:57",18.0011615753174,59.2929878234863,f
11601,"2013-03-01 22:48:04",18.0676422119141,59.3372573852539,t
11497,"2013-03-01 22:48:04",18.0504817962646,59.3495635986328,f
10873,"2013-03-05 15:06:36",18.058744430542,59.3307304382324,f
11228,"2013-03-01 22:48:45",17.9742126464844,59.2344741821289,f
10192,"2013-03-05 15:06:22",18.0188941955566,59.3027114868164,t
10244,"2013-03-05 15:05:56",18.0286178588867,59.3106727600098,t
11259,"2013-03-05 15:05:32",18.0767307281494,59.3407745361328,f
10592,"2013-03-08 18:07:00",17.9975395202637,59.3226928710938,t
10751,"2013-03-01 22:47:51",17.9253387451172,59.5041198730469,f
10152,"2013-03-01 22:48:46",18.03440284729,59.3151245117188,f
10009,"2013-03-01 22:47:57",18.0148277282715,59.3312683105469,t
10765,"2013-03-01 22:48:18",18.0611591339111,59.329402923584,f
10768,"2013-03-01 22:48:43",18.1137218475342,59.2875328063965,f
10679,"2013-03-01 22:47:58",18.0065631866455,59.2680892944336,f
11193,"2013-03-05 15:06:01",17.9075412750244,59.5393142700195,f
11280,"2013-03-05 15:06:21",18.0654811859131,59.3251304626465,f
10675,"2013-03-01 22:48:13",17.8882846832275,59.3668212890625,f
10128,"2013-03-05 15:06:03",18.0635108947754,59.328971862793,t
10867,"2013-03-01 22:48:39",17.9022674560547,59.3699760437012,f
11623,"2013-03-01 22:47:47",17.8892364501953,59.2721061706543,t
11138,"2013-03-05 15:05:52",17.8988971710205,59.5872421264648,t
10761,"2013-03-01 22:48:06",18.0556945800781,59.4852104187012,f
11784,"2013-03-05 15:06:13",18.1596736907959,59.3167037963867,t
10090,"2013-03-01 22:47:54",18.0263938903809,59.3616180419922,t
10755,"2013-03-01 22:48:40",18.0422821044922,59.3334197998047,f
10862,"2013-03-01 22:48:38",18.0992946624756,59.2952842712402,t
10194,"2013-03-08 18:07:03",18.0580444335938,59.3342437744141,f
11518,"2013-03-01 22:48:48",18.0088520050049,59.2870330810547,f
10756,"2013-03-01 22:48:00",17.896800994873,59.5920867919922,f
10277,"2013-03-05 15:05:40",17.9326477050781,59.3410606384277,t
11327,"2013-03-05 15:06:01",17.9119262695312,59.6227951049805,f
11006,"2013-03-01 22:48:47",18.0281734466553,59.345043182373,f
10010,"2013-03-01 22:48:09",17.9363975524902,59.2847709655762,f
10172,"2013-03-01 22:47:47",18.0459060668945,59.3417053222656,t
11510,"2013-03-01 22:48:38",18.0549945831299,59.3334197998047,t
11780,"2013-03-05 15:06:26",18.0984039306641,59.3008804321289,t
10002,"2013-03-05 15:06:18",18.2163677215576,59.2043037414551,t
11374,"2013-03-01 22:47:49",18.063892364502,59.3211517333984,f
11005,"2013-03-01 22:48:30",18.0807342529297,59.3012390136719,t
10677,"2013-03-01 22:48:12",17.9175834655762,59.5329284667969,t
11622,"2013-03-01 22:48:33",17.9633445739746,59.2289505004883,f
11053,"2013-03-08 18:07:23",18.0356731414795,59.3549118041992,t
10506,"2013-03-05 15:05:35",17.9552097320557,59.3565254211426,f
10685,"2013-03-01 22:48:15",18.009614944458,59.2328948974609,f
10200,"2013-03-05 15:06:16",18.0072002410889,59.383358001709,t
10207,"2013-03-05 15:05:53",18.0674514770508,59.326244354248,f
10773,"2013-03-01 22:48:13",18.0803546905518,59.3186378479004,f
11019,"2013-03-01 22:48:20",18.0820064544678,59.3317680358887,t
10957,"2013-03-01 22:48:43",18.2489719390869,59.3151931762695,t
10419,"2013-03-01 22:47:47",18.0563926696777,59.3208274841309,t
10059,"2013-03-08 18:07:15",18.0748882293701,59.3231964111328,t
10417,"2013-03-01 22:48:10",18.0750141143799,59.3233375549316,t
10077,"2013-03-01 22:48:32",18.0637016296387,59.3426055908203,f
11010,"2013-03-01 22:48:29",18.0370712280273,59.4019432067871,f
10036,"2013-03-05 15:05:56",18.0567741394043,59.2873191833496,f
11118,"2013-03-01 22:48:46",18.1550960540771,59.152889251709,t
10060,"2013-03-08 18:07:39",17.9008045196533,59.5810012817383,t
10408,"2013-03-01 22:47:57",17.9806957244873,59.3614387512207,t
10355,"2013-03-05 15:06:17",17.9140243530273,59.4715423583984,f
10456,"2013-03-08 18:06:55",17.8964824676514,59.3600044250488,t
10603,"2013-03-08 18:07:23",18.118616104126,59.308666229248,f
11786,"2013-03-05 15:06:05",18.0776844024658,59.3188552856445,f
11107,"2013-03-01 22:48:46",17.9192352294922,59.4873275756836,f
11110,"2013-03-01 22:47:52",17.9372863769531,59.6416320800781,t
11015,"2013-03-01 22:48:34",18.0366897583008,59.3395881652832,t
10967,"2013-03-05 15:05:41",17.8540267944336,59.2512283325195,f
11603,"2013-03-01 22:47:52",18.1069202423096,59.3587112426758,t
10424,"2013-03-01 22:48:26",17.9806957244873,59.3327751159668,f
10078,"2013-03-01 22:47:56",18.0509262084961,59.3362884521484,t
11099,"2013-03-01 22:47:53",18.0960521697998,59.2688064575195,t
11606,"2013-03-05 15:06:24",17.8235836029053,59.2454528808594,f
11101,"2013-03-01 22:48:08",17.9592781066895,59.3602180480957,t
11156,"2013-03-01 22:48:03",18.010440826416,59.271354675293,t
10795,"2013-03-08 18:07:32",18.0659275054932,59.3404159545898,t
10206,"2013-03-05 15:06:19",18.0685329437256,59.3327751159668,f
11769,"2013-03-05 15:05:42",18.2479553222656,59.3360404968262,f
10406,"2013-03-01 22:47:51",18.0434265136719,59.3284683227539,f
10358,"2013-03-05 15:06:13",18.0679607391357,59.3342094421387,t
11113,"2013-03-01 22:48:01",18.0078983306885,59.3377952575684,f
10589,"2013-03-08 18:07:34",18.1568775177002,59.3464088439941,f
10353,"2013-03-05 15:05:51",18.0078983306885,59.3398780822754,f
11104,"2013-03-01 22:48:49",18.008279800415,59.2634963989258,t
10458,"2013-03-08 18:07:09",17.9653148651123,59.3639488220215,t
11215,"2013-03-01 22:48:23",18.0283641815186,59.3320541381836,t
11484,"2013-03-01 22:48:47",18.0767307281494,59.3410263061523,t
11303,"2013-03-01 22:48:18",18.0561389923096,59.3327369689941,f
10212,"2013-03-05 15:05:48",18.0102500915527,59.2516212463379,t
10796,"2013-03-08 18:07:26",18.0092334747314,59.3801651000977,t
10572,"2013-03-01 22:49:02",18.027982711792,59.3596801757812,t
10462,"2013-03-08 18:07:24",17.957878112793,59.3471221923828,f
10128,"2013-03-08 18:07:41",18.0928745269775,59.3316612243652,f
10770,"2013-03-01 22:49:48",18.0619869232178,59.3464775085449,t
11452,"2013-03-01 22:49:27",18.1364116668701,59.3573837280273,t
11395,"2013-03-05 15:05:48",18.0565204620361,59.3184967041016,f
10732,"2013-03-01 22:49:02",18.0794639587402,59.3020286560059,t
11535,"2013-03-05 15:06:14",18.0270309448242,59.300163269043,f
10563,"2013-03-01 22:49:45",18.0508003234863,59.3711967468262,t
10308,"2013-03-01 22:49:14",18.072790145874,59.2834091186523,f
10367,"2013-03-05 15:05:28",18.0627498626709,59.3436431884766,t
10610,"2013-03-05 15:05:42",17.8995971679688,59.5736083984375,f
11470,"2013-03-01 22:49:03",18.0501003265381,59.3427124023438,t
11137,"2013-03-01 22:49:44",17.9989376068115,59.4732284545898,f
10608,"2013-03-05 15:06:30",18.0567741394043,59.3298301696777,f
11392,"2013-03-05 15:05:59",17.9405288696289,59.3395881652832,t
10469,"2013-03-01 22:49:20",18.0012893676758,59.3246650695801,t
11288,"2013-03-05 15:06:28",17.9222869873047,59.4335861206055,t
11122,"2013-03-01 22:49:21",18.0712013244629,59.3368644714355,t
11136,"2013-03-01 22:49:43",18.1028537750244,59.4324378967285,f
10047,"2013-03-01 22:49:34",18.0583629608154,59.3342819213867,f
10951,"2013-03-01 22:49:44",17.8509769439697,59.420238494873,t
10468,"2013-03-01 22:49:45",18.0775585174561,59.3063316345215,f
10878,"2013-03-01 22:49:06",18.1327247619629,59.2132720947266,f
11127,"2013-03-01 22:49:42",18.0733623504639,59.3142623901367,t
10467,"2013-03-01 22:48:51",18.0692958831787,59.3234443664551,t
10911,"2013-03-01 22:49:36",18.0947189331055,59.316234588623,f
10168,"2013-03-01 22:49:49",18.0269012451172,59.3610801696777,f
10076,"2013-03-01 22:49:19",18.0099964141846,59.3335647583008,t
10169,"2013-03-08 18:07:15",18.1506481170654,59.3080177307129,f
10515,"2013-03-05 15:05:52",17.8979454040527,59.5887870788574,t
11078,"2013-03-01 22:49:35",18.0222625732422,59.3305511474609,f
10117,"2013-03-08 18:07:19",18.0768585205078,59.328685760498,t
11289,"2013-03-05 15:05:38",18.0389785766602,59.3543701171875,t
11401,"2013-03-05 15:06:21",17.962963104248,59.33984375,t
10562,"2013-03-01 22:49:08",18.0584907531738,59.3184585571289,t
10924,"2013-03-01 22:49:41",18.0753326416016,59.3445053100586,t
11282,"2013-03-05 15:05:39",18.0030689239502,59.3866233825684,t
10185,"2013-03-08 18:06:54",18.0111408233643,59.3394813537598,f
10453,"2013-03-01 22:48:59",18.009614944458,59.2658996582031,t
10153,"2013-03-05 15:06:07",18.0101222991943,59.335391998291,f
11539,"2013-03-05 15:05:58",18.0133018493652,59.355339050293,f
10653,"2013-03-01 22:48:54",18.0727272033691,59.3140830993652,t
10140,"2013-03-05 15:06:08",18.072790145874,59.3450775146484,f
10058,"2013-03-01 22:49:09",18.0277290344238,59.3598251342773,f
11168,"2013-03-01 22:49:43",18.1007556915283,59.3285064697266,f
11046,"2013-03-01 22:49:23",18.0642738342285,59.3461570739746,f
10974,"2013-03-01 22:49:03",18.0760326385498,59.452995300293,f
10632,"2013-03-01 22:49:52",17.8981342315674,59.5570335388184,t
11381,"2013-03-05 15:06:30",17.8999156951904,59.5494995117188,t
10845,"2013-03-01 22:49:27",18.0576648712158,59.1985969543457,t
10044,"2013-03-01 22:49:32",18.0300807952881,59.3284683227539,t
10452,"2013-03-01 22:49:21",18.0665626525879,59.3258514404297,f
10577,"2013-03-01 22:49:02",18.0963077545166,59.3274269104004,f
10585,"2013-03-01 22:48:58",18.1009464263916,59.3011665344238,f
11524,"2013-03-01 22:49:22",17.9695739746094,59.4037017822266,t
11051,"2013-03-01 22:48:58",18.0969429016113,59.2670135498047,t
11533,"2013-03-05 15:06:30",17.9624557495117,59.4068222045898,t
11067,"2013-03-01 22:49:16",18.0602054595947,59.3212585449219,t
11050,"2013-03-01 22:49:51",18.1050148010254,59.4477195739746,t
10444,"2013-03-01 22:49:49",18.03440284729,59.3984642028809,f
10442,"2013-03-01 22:49:09",18.1759433746338,59.2585105895996,f
10018,"2013-03-01 22:49:10",18.0685329437256,59.3204689025879,f
11278,"2013-03-08 18:07:47",18.0734252929688,59.3420677185059,f
10905,"2013-03-01 22:49:52",18.0628757476807,59.3092384338379,f
10359,"2013-03-01 22:49:07",18.1081295013428,59.3593597412109,t
10583,"2013-03-01 22:49:12",18.0567741394043,59.3509979248047,f
10904,"2013-03-01 22:48:52",18.0983409881592,59.2615242004395,t
11188,"2013-03-01 22:49:46",18.0523891448975,59.3176345825195,f
11262,"2013-03-08 18:07:05",18.0589981079102,59.3402366638184,t
10584,"2013-03-01 22:49:19",18.0763492584229,59.3149070739746,t
10448,"2013-03-01 22:49:40",18.0642738342285,59.3191413879395,f
10834,"2013-03-01 22:49:26",18.0209922790527,59.3284339904785,t
10014,"2013-03-05 15:06:34",18.1055850982666,59.2415771484375,f
10195,"2013-03-01 22:49:30",18.0318603515625,59.3187103271484,t
10808,"2013-03-08 18:07:20",18.129674911499,59.3847579956055,t
10218,"2013-03-05 15:06:23",18.0949726104736,59.3404159545898,t
10790,"2013-03-01 22:49:27",17.9606113433838,59.2641067504883,f
10791,"2013-03-01 22:49:10",17.9778995513916,59.3337440490723,t
10794,"2013-03-01 22:48:58",17.9738960266113,59.3290061950684,f
10117,"2013-03-01 22:49:03",18.0347843170166,59.4478645324707,f
11247,"2013-03-08 18:07:43",17.9508247375488,59.3607559204102,t
10185,"2013-03-01 22:49:53",18.0752696990967,59.326244354248,t
10591,"2013-03-01 22:48:56",18.014762878418,59.2649307250977,f
11244,"2013-03-08 18:07:07",18.0624313354492,59.3486671447754,t
11413,"2013-03-05 15:06:24",17.9241943359375,59.4357376098633,t
10793,"2013-03-01 22:49:55",18.0555667877197,59.310245513916,t
10196,"2013-03-01 22:49:54",18.0616054534912,59.3295097351074,f
10493,"2013-03-05 15:06:36",18.077938079834,59.3330268859863,t
10460,"2013-03-01 22:49:37",18.043872833252,59.316520690918,f
10193,"2013-03-01 22:49:24",18.1996517181396,59.2504043579102,t
10599,"2013-03-01 22:49:54",18.0810527801514,59.3316612243652,t
10221,"2013-03-05 15:05:40",18.0230255126953,59.3643455505371,f
10499,"2013-03-05 15:06:20",18.0703754425049,59.3132553100586,t
11310,"2013-03-08 18:06:53",18.0837860107422,59.3178863525391,t
10461,"2013-03-01 22:49:36",18.0759696960449,59.3250961303711,f
10496,"2013-03-05 15:06:25",17.8482437133789,59.3671417236328,f
10596,"2013-03-01 22:49:38",17.949743270874,59.3292236328125,t
11265,"2013-03-08 18:06:57",18.0351009368896,59.3397331237793,t
10873,"2013-03-08 18:06:55",18.0600166320801,59.3484878540039,t
11403,"2013-03-05 15:06:12",18.0524520874023,59.3311958312988,f
10213,"2013-03-05 15:06:23",17.9227962493896,59.4957962036133,f
10223,"2013-03-05 15:05:58",18.0594444274902,59.339412689209,t
10919,"2013-03-01 22:49:06",17.9691925048828,59.3343887329102,t
10186,"2013-03-01 22:49:40",18.0715198516846,59.3330955505371,f
10597,"2013-03-01 22:49:26",18.0678329467773,59.4332275390625,t
10484,"2013-03-05 15:06:32",17.8983268737793,59.5564613342285,t
10244,"2013-03-08 18:07:10",17.9253387451172,59.517894744873,t
10458,"2013-03-01 22:49:18",18.0227088928223,59.4754180908203,t
10800,"2013-03-05 15:05:46",18.2210693359375,59.2928085327148,t
10588,"2013-03-01 22:49:39",18.0477485656738,59.317024230957,f
10796,"2013-03-01 22:49:43",18.0086612701416,59.2505111694336,t
10462,"2013-03-01 22:49:03",17.9769458770752,59.3377952575684,t
11280,"2013-03-01 22:49:15",18.0696125030518,59.31982421875,f
10284,"2013-03-01 22:49:09",18.0314159393311,59.3328475952148,f
10217,"2013-03-05 15:06:17",17.8875217437744,59.5166015625,f
10215,"2013-03-05 15:05:42",18.0685329437256,59.3196411132812,t
11271,"2013-03-01 22:48:58",18.0657367706299,59.3351783752441,t
10126,"2013-03-01 22:49:47",18.0506725311279,59.2972221374512,f
11257,"2013-03-01 22:49:36",18.0628757476807,59.3329887390137,t
10938,"2013-03-01 22:48:54",18.0218811035156,59.3288612365723,t
11146,"2013-03-01 22:49:35",18.0179405212402,59.2830123901367,f
10934,"2013-03-01 22:49:01",18.0731086730957,59.3366851806641,f
10169,"2013-03-01 22:49:45",18.0654811859131,59.3288993835449,f
11266,"2013-03-01 22:49:53",17.9201908111572,59.4471473693848,t
11267,"2013-03-01 22:49:33",18.0325584411621,59.3471603393555,t
10210,"2013-03-01 22:49:36",18.0732364654541,59.3356437683105,t
11277,"2013-03-01 22:49:34",18.0940189361572,59.3357162475586,f
11273,"2013-03-01 22:49:43",18.090841293335,59.3382263183594,f
10201,"2013-03-01 22:49:07",18.0187034606934,59.3281097412109,f
10002,"2013-03-01 22:49:49",17.9147243499756,59.4724044799805,t
10022,"2013-03-05 15:06:33",17.9571170806885,59.3518600463867,t
10050,"2013-03-05 15:06:35",18.0869636535645,59.3360404968262,f
10200,"2013-03-01 22:48:58",18.0049743652344,59.3851547241211,t
11416,"2013-03-05 15:05:38",18.0058650970459,59.3501739501953,f
10992,"2013-03-08 18:07:36",18.015588760376,59.3791275024414,f
11249,"2013-03-01 22:49:05",18.1336784362793,59.3054008483887,f
11270,"2013-03-01 22:49:30",18.0578556060791,59.3210067749023,t
11138,"2013-03-08 18:07:22",18.1188697814941,59.3049697875977,f
10219,"2013-03-05 15:06:27",18.0548686981201,59.3447227478027,t
11244,"2013-03-01 22:49:33",18.0567111968994,59.3334922790527,f
10396,"2013-03-01 22:49:13",18.0506725311279,59.3301200866699,f
11784,"2013-03-08 18:07:09",18.090841293335,59.336181640625,t
10206,"2013-03-01 22:48:52",18.080545425415,59.3008422851562,t
10873,"2013-03-01 22:49:19",17.9350624084473,59.6447525024414,t
10797,"2013-03-05 15:06:25",17.9308032989502,59.6480903625488,f
11259,"2013-03-01 22:49:29",18.0645275115967,59.3272857666016,t
10485,"2013-03-05 15:06:17",18.0662441253662,59.326099395752,f
11248,"2013-03-01 22:49:24",18.1770248413086,59.3134727478027,f
11789,"2013-03-08 18:06:44",18.0952262878418,59.337329864502,t
10202,"2013-03-01 22:49:03",18.1065406799316,59.358570098877,t
11123,"2013-03-05 15:06:05",17.9229221343994,59.4122047424316,f
10118,"2013-03-01 22:49:48",18.0210552215576,59.4077911376953,t
11526,"2013-03-01 22:49:29",18.0247421264648,59.3298683166504,t
11546,"2013-03-05 15:06:22",18.1039333343506,59.3576354980469,t
11747,"2013-03-01 22:49:36",17.9218425750732,59.4440612792969,f
11535,"2013-03-01 22:49:15",18.0540409088135,59.3436088562012,f
11386,"2013-03-05 15:06:33",17.9690017700195,59.4454231262207,t
11614,"2013-03-05 15:06:07",17.9792346954346,59.4992752075195,t
10208,"2013-03-08 18:07:11",18.0539131164551,59.3546943664551,t
10636,"2013-03-05 15:06:04",18.0928745269775,59.2752647399902,f
10511,"2013-03-08 18:07:45",17.9623279571533,59.3356437683105,t
11141,"2013-03-01 22:49:46",17.9647426605225,59.3620147705078,f
11305,"2013-03-05 15:06:04",18.0537242889404,59.3330612182617,t
10360,"2013-03-01 22:49:04",18.0595073699951,59.3489532470703,f
10506,"2013-03-01 22:49:08",18.0569648742676,59.3100624084473,t
11540,"2013-03-01 22:48:59",18.081371307373,59.2995872497559,f
10153,"2013-03-01 22:49:50",18.0752696990967,59.3076591491699,t
10002,"2013-03-08 18:06:57",18.075777053833,59.3404884338379,t
11268,"2013-03-01 22:49:19",18.0567111968994,59.3427848815918,f
10023,"2013-03-01 22:49:38",18.0518169403076,59.3480224609375,t
10356,"2013-03-01 22:49:12",18.0699310302734,59.31982421875,f
10801,"2013-03-05 15:06:06",18.0659275054932,59.3404159545898,t
10506,"2013-03-08 18:07:35",18.0820064544678,59.3089866638184,f
10509,"2013-03-01 22:49:02",18.1067943572998,59.4757041931152,f
11531,"2013-03-01 22:48:51",18.0414562225342,59.3489532470703,f
10355,"2013-03-01 22:49:05",18.055757522583,59.343822479248,t
11055,"2013-03-01 22:49:40",17.9901027679443,59.3343162536621,f
10428,"2013-03-01 22:49:34",17.9873065948486,59.393798828125,f
11786,"2013-03-01 22:49:53",18.0593795776367,59.3470878601074,f
11140,"2013-03-08 18:07:43",18.0221366882324,59.364559173584,t
10513,"2013-03-08 18:06:48",18.071138381958,59.3225860595703,f
11533,"2013-03-01 22:49:47",18.096752166748,59.4429130554199,t
11606,"2013-03-01 22:49:52",18.0058002471924,59.3118209838867,t
10792,"2013-03-05 15:05:48",17.9463119506836,59.3555564880371,f
11333,"2013-03-05 15:05:31",17.9253387451172,59.4965858459473,f
11159,"2013-03-01 22:49:13",18.0211811065674,59.3291511535645,t
11261,"2013-03-05 15:05:50",18.0646553039551,59.3341026306152,f
11292,"2013-03-01 22:48:54",18.0906505584717,59.3932266235352,t
10508,"2013-03-01 22:49:40",18.0567741394043,59.318962097168,t
11552,"2013-03-05 15:06:18",17.934871673584,59.6445007324219,f
11756,"2013-03-01 22:49:44",17.9499988555908,59.288932800293,t
11523,"2013-03-05 15:06:23",18.0176868438721,59.2769165039062,t
11608,"2013-03-08 18:07:10",17.9525394439697,59.4106979370117,t
10621,"2013-03-05 15:06:00",17.9208240509033,59.6280326843262,t
10501,"2013-03-01 22:49:34",18.0457153320312,59.2843399047852,f
11406,"2013-03-01 22:49:46",18.0270309448242,59.3607215881348,f
10482,"2013-03-01 22:49:18",18.0706920623779,59.3355026245117,f
10470,"2013-03-01 22:49:23",17.9039821624756,59.5427932739258,t
11111,"2013-03-05 15:05:51",18.0255031585693,59.3015975952148,f
10034,"2013-03-05 15:05:58",17.9402732849121,59.3709449768066,f
10474,"2013-03-01 22:49:01",18.2302227020264,59.250114440918,f
11055,"2013-03-08 18:06:43",17.9753570556641,59.3333129882812,t
10608,"2013-03-01 22:49:42",18.0715198516846,59.3362197875977,t
10351,"2013-03-05 15:06:17",18.0668163299561,59.3259582519531,t
10084,"2013-03-05 15:06:28",18.0258865356445,59.3371887207031,t
10967,"2013-03-08 18:06:54",18.0564575195312,59.3574562072754,t
10576,"2013-03-05 15:06:12",18.0049743652344,59.3259925842285,f
10926,"2013-03-05 15:05:44",17.9770736694336,59.3560562133789,f
10472,"2013-03-01 22:48:57",18.0902690887451,59.3144035339355,t
10048,"2013-03-01 22:49:28",18.0500373840332,59.3342437744141,f
11227,"2013-03-05 15:06:14",18.0546760559082,59.3348922729492,t
10503,"2013-03-01 22:49:45",18.0877895355225,59.3047561645508,t
10203,"2013-03-08 18:07:42",18.0862655639648,59.3345680236816,t
10471,"2013-03-01 22:49:11",18.0705661773682,59.3199653625488,t
10049,"2013-03-01 22:49:08",18.0047855377197,59.3511085510254,f
10609,"2013-03-01 22:48:58",17.9161224365234,59.4739112854004,t
10488,"2013-03-01 22:49:36",18.0703125,59.3418502807617,t
10376,"2013-03-05 15:05:32",18.024995803833,59.3502807617188,t
10365,"2013-03-01 22:49:51",18.0661811828613,59.3359298706055,f
10364,"2013-03-01 22:48:58",18.0841045379639,59.3092041015625,t
11756,"2013-03-08 18:07:26",18.103551864624,59.3017044067383,t
10485,"2013-03-01 22:49:03",18.3058547973633,59.2817573547363,f
10500,"2013-03-01 22:49:39",18.059061050415,59.3344612121582,f
10005,"2013-03-01 22:49:22",18.0167961120605,59.3282165527344,t
10014,"2013-03-01 22:49:00",18.0600166320801,59.3288612365723,t
10963,"2013-03-05 15:05:34",18.0086612701416,59.3818893432617,t
11287,"2013-03-08 18:06:17",17.9703369140625,59.366283416748,t
11386,"2013-03-01 22:48:53",18.0809898376465,59.3016700744629,t
11614,"2013-03-01 22:49:32",18.0001449584961,59.2456321716309,t
11395,"2013-03-08 18:06:51",17.9758014678955,59.3525772094727,t
11535,"2013-03-08 18:05:41",18.0043392181396,59.3717727661133,t
11305,"2013-03-01 22:48:56",18.0694217681885,59.2806091308594,t
10037,"2013-03-08 18:06:18",18.0328121185303,59.3536529541016,t
10220,"2013-03-01 22:48:41",18.045970916748,59.3464431762695,t
10805,"2013-03-05 15:06:15",17.9860343933105,59.3601112365723,f
10275,"2013-03-01 22:49:34",18.0715198516846,59.3155899047852,f
10452,"2013-03-08 18:07:02",17.9274349212646,59.4201316833496,t
10106,"2013-03-01 22:49:36",18.0405044555664,59.3403434753418,f
11525,"2013-03-08 18:07:20",18.086519241333,59.2909774780273,f
11057,"2013-03-05 15:05:33",18.0494022369385,59.3504257202148,f
10213,"2013-03-01 22:49:46",17.9571800231934,59.3485946655273,t
10065,"2013-03-01 22:49:12",17.9195537567139,59.4849967956543,f
10474,"2013-03-08 18:07:11",18.0267753601074,59.3435020446777,f
10252,"2013-03-01 22:49:17",18.1535720825195,59.3059768676758,f
10216,"2013-03-01 22:49:15",18.0929374694824,59.3480911254883,f
10803,"2013-03-05 15:05:40",18.0534057617188,59.3275375366211,f
10960,"2013-03-05 15:05:44",17.8557434082031,59.4067153930664,t
10806,"2013-03-05 15:05:56",18.0894432067871,59.3019218444824,t
10222,"2013-03-01 22:49:49",18.0696125030518,59.3292922973633,t
10217,"2013-03-01 22:49:28",18.0727272033691,59.3311233520508,f
10372,"2013-03-08 18:07:40",18.0546131134033,59.3346405029297,t
11325,"2013-03-01 22:49:31",18.0809898376465,59.3000907897949,t
10022,"2013-03-01 22:49:45",17.9368419647217,59.6389045715332,f
10351,"2013-03-01 22:49:01",17.9428806304932,59.4470024108887,f
10608,"2013-03-08 18:06:05",17.9693832397461,59.3348197937012,f
10346,"2013-03-01 22:49:07",18.0732364654541,59.3366851806641,t
11058,"2013-03-05 15:06:29",18.3374423980713,59.6520729064941,f
11553,"2013-03-05 15:06:21",17.8973731994629,59.5673332214355,t
11288,"2013-03-08 18:07:11",17.945104598999,59.4218902587891,f
10926,"2013-03-01 22:49:43",18.0605888366699,59.3387298583984,f
11560,"2013-03-05 15:05:57",18.0654182434082,59.3366508483887,f
11060,"2013-03-05 15:05:44",18.0782566070557,59.3440017700195,t
10797,"2013-03-01 22:49:10",17.9482192993164,59.3340644836426,f
11569,"2013-03-05 15:06:12",18.0803546905518,59.3082695007324,f
11397,"2013-03-08 18:07:04",18.0704383850098,59.3374366760254,t
10135,"2013-03-01 22:49:29",18.03955078125,59.3336715698242,f
11283,"2013-03-08 18:05:59",18.0935745239258,59.3452606201172,t
10376,"2013-03-01 22:49:33",18.0537242889404,59.3459396362305,f
10972,"2013-03-01 22:49:55",18.0157165527344,59.3085594177246,f
10096,"2013-03-01 22:49:19",18.0897617340088,59.3423881530762,f
10962,"2013-03-01 22:49:27",18.0099334716797,59.3056526184082,t
11059,"2013-03-01 22:48:42",18.0699939727783,59.334171295166,t
10816,"2013-03-01 22:49:05",17.9191722869873,59.4895896911621,t
11062,"2013-03-01 22:49:23",18.092493057251,59.2764129638672,t
11556,"2013-03-05 15:06:19",18.0260124206543,59.362190246582,t
10809,"2013-03-05 15:06:06",17.9474563598633,59.3561668395996,t
10818,"2013-03-05 15:06:01",18.0717105865479,59.3367576599121,t
10815,"2013-03-05 15:06:07",18.055248260498,59.3514289855957,f
10965,"2013-03-01 22:49:19",18.0457782745361,59.2741889953613,t
10805,"2013-03-01 22:48:57",17.90061378479,59.5779151916504,t
11561,"2013-03-01 22:49:48",18.0596981048584,59.2728958129883,f
11289,"2013-03-08 18:06:24",18.09592628479,59.4013671875,t
11071,"2013-03-05 15:06:27",18.0543594360352,59.3187103271484,t
11540,"2013-03-08 18:06:58",17.9672222137451,59.2903671264648,f
11282,"2013-03-08 18:07:48",18.0102500915527,59.3805618286133,t
10972,"2013-03-05 15:05:38",18.0567111968994,59.2995872497559,f
10097,"2013-03-01 22:48:54",18.0741882324219,59.3142623901367,t
10542,"2013-03-05 15:05:59",18.0626850128174,59.3200035095215,f
10807,"2013-03-01 22:49:32",18.0490837097168,59.3431434631348,t
11530,"2013-03-08 18:07:42",18.0330677032471,59.3291168212891,f
10973,"2013-03-05 15:05:52",18.0183219909668,59.3737106323242,t
11072,"2013-03-01 22:49:22",18.0014801025391,59.3167037963867,f
11058,"2013-03-01 22:49:50",18.0317325592041,59.2991218566895,f
10153,"2013-03-08 18:06:45",18.0560741424561,59.3566665649414,t
11070,"2013-03-01 22:49:52",18.0739974975586,59.3141899108887,f
11553,"2013-03-01 22:49:45",17.9833660125732,59.3959503173828,t
10976,"2013-03-05 15:06:33",18.0539779663086,59.3125762939453,f
10476,"2013-03-08 18:07:19",18.0209922790527,59.3659248352051,f
11569,"2013-03-01 22:49:52",17.9056987762451,59.6189575195312,f
10378,"2013-03-01 22:49:42",18.1118774414062,59.2612380981445,t
10383,"2013-03-05 15:06:33",18.059253692627,59.3320541381836,f
10971,"2013-03-01 22:49:27",18.0585536956787,59.3309783935547,f
10582,"2013-03-05 15:05:50",18.0405673980713,59.3516082763672,t
11066,"2013-03-01 22:49:49",18.0728530883789,59.3363265991211,t
10818,"2013-03-01 22:49:29",17.9765014648438,59.3316993713379,t
10964,"2013-03-01 22:49:36",18.0371341705322,59.2960357666016,t
11294,"2013-03-08 18:06:28",18.0173683166504,59.3285751342773,t
11388,"2013-03-08 18:07:33",18.0132389068604,59.3312683105469,f
10814,"2013-03-01 22:49:46",18.0734252929688,59.3371162414551,t
10061,"2013-03-08 18:07:33",18.073299407959,59.3262100219727,f
10760,"2013-03-01 22:49:13",18.0613498687744,59.3349266052246,f
10130,"2013-03-01 22:49:33",18.0242328643799,59.4528503417969,t
10504,"2013-03-01 22:49:20",18.0238513946533,59.3076248168945,t
11319,"2013-03-01 22:49:14",18.045015335083,59.3329887390137,f
10670,"2013-03-05 15:06:14",17.9002323150635,59.6147613525391,t
10986,"2013-03-01 22:49:06",18.0296993255615,59.3120002746582,f
10416,"2013-03-01 22:49:00",18.0585536956787,59.3406677246094,f
10976,"2013-03-01 22:49:18",18.0785732269287,59.2990875244141,t
10752,"2013-03-01 22:49:13",17.9341087341309,59.6445732116699,f
10471,"2013-03-08 18:06:23",18.075777053833,59.3381195068359,t
10981,"2013-03-01 22:49:06",18.0562019348145,59.3609008789062,t
10984,"2013-03-01 22:49:14",17.9221591949463,59.4324378967285,f
11014,"2013-03-01 22:49:52",18.0849304199219,59.3134727478027,t
10502,"2013-03-05 15:06:10",17.8870124816895,59.5212326049805,f
11083,"2013-03-01 22:49:09",18.0734901428223,59.3425674438477,f
11281,"2013-03-08 18:07:37",17.9111003875732,59.2724647521973,f
10303,"2013-03-05 15:05:44",18.0401859283447,59.3451156616211,f
11087,"2013-03-05 15:06:05",17.9594058990479,59.3445053100586,t
11532,"2013-03-08 18:07:43",18.0181941986084,59.3283233642578,t
11587,"2013-03-01 22:49:39",17.9738311767578,59.3814582824707,f
10303,"2013-03-01 22:49:41",18.0645923614502,59.3346405029297,t
11200,"2013-03-05 15:06:26",17.8969917297363,59.5993690490723,t
11084,"2013-03-01 22:49:16",17.9253387451172,59.5045127868652,f
11200,"2013-03-01 22:49:04",18.0397415161133,59.3415298461914,t
10013,"2013-03-01 22:49:13",18.0081539154053,59.3251686096191,f
11529,"2013-03-08 18:07:38",18.071138381958,59.3418884277344,t
10306,"2013-03-05 15:05:55",18.0654811859131,59.3319473266602,t
10799,"2013-03-01 22:49:06",18.0669441223145,59.3234100341797,t
10779,"2013-03-05 15:06:02",18.0267753601074,59.3435363769531,f
11296,"2013-03-01 22:48:58",18.0567111968994,59.3334922790527,t
11086,"2013-03-01 22:49:23",18.0644016265869,59.3262100219727,t
11528,"2013-03-05 15:06:36",18.0137462615967,59.3348922729492,t
11160,"2013-03-01 22:49:06",17.935697555542,59.2269058227539,f
11514,"2013-03-05 15:06:29",17.9191722869873,59.4880828857422,t
11080,"2013-03-01 22:49:43",18.0599517822266,59.3360023498535,t
11396,"2013-03-08 18:07:48",18.1634864807129,59.4932136535645,f
11292,"2013-03-08 18:07:02",17.8129043579102,59.4651565551758,f
10609,"2013-03-08 18:07:11",17.9287071228027,59.6475868225098,f
11299,"2013-03-01 22:48:51",17.9344272613525,59.3376159667969,f
11442,"2013-03-01 22:49:04",18.0215644836426,59.4733734130859,t
11308,"2013-03-01 22:49:32",18.350471496582,59.3178482055664,f
10457,"2013-03-05 15:05:37",18.0351009368896,59.450984954834,t
10108,"2013-03-01 22:49:12",18.0781936645508,59.3059043884277,t
11090,"2013-03-05 15:05:44",17.9246387481689,59.6302947998047,t
10373,"2013-03-08 18:07:09",18.0965614318848,59.3395538330078,f
11487,"2013-03-05 15:06:34",18.1794395446777,59.3086280822754,t
10400,"2013-03-01 22:49:29",18.1212215423584,59.3078765869141,f
10361,"2013-03-08 18:07:45",18.0795288085938,59.3017425537109,t
11527,"2013-03-08 18:06:01",18.0192756652832,59.3722381591797,t
10363,"2013-03-08 18:06:21",18.1020278930664,59.3024215698242,t
10971,"2013-03-05 15:06:05",17.8967361450195,59.5988655090332,t
11442,"2013-03-05 15:06:32",17.9262275695801,59.5200119018555,t
11400,"2013-03-08 18:06:56",18.0518798828125,59.3433227539062,t
11610,"2013-03-05 15:06:21",17.9258460998535,59.518611907959,t
10400,"2013-03-05 15:06:35",18.1010093688965,59.3010940551758,f
10109,"2013-03-05 15:06:12",18.0992317199707,59.4025535583496,f
11746,"2013-03-01 22:49:24",18.215539932251,59.2430839538574,t
11321,"2013-03-01 22:49:40",18.0954818725586,59.2930221557617,f
11404,"2013-03-08 18:07:11",18.0828952789307,59.3380851745605,t
10517,"2013-03-01 22:48:56",18.0279197692871,59.3436813354492,t
11745,"2013-03-01 22:49:08",18.1006927490234,59.3348922729492,f
10744,"2013-03-01 22:49:23",18.0505466461182,59.3396263122559,t
10487,"2013-03-01 22:48:47",18.0684051513672,59.3203964233398,t
10810,"2013-03-08 18:07:15",17.9240665435791,59.5126914978027,f
11426,"2013-03-05 15:05:56",18.0348472595215,59.3446502685547,t
10988,"2013-03-01 22:49:03",18.0782566070557,59.3037872314453,f
10625,"2013-03-01 22:49:16",17.9690017700195,59.3584251403809,t
11406,"2013-03-08 18:07:03",17.8954658508301,59.6151542663574,t
11425,"2013-03-01 22:49:32",17.9205703735352,59.4465370178223,f
10480,"2013-03-05 15:05:47",18.0054206848145,59.3035697937012,f
10482,"2013-03-08 18:06:48",17.9405288696289,59.4147148132324,t
10989,"2013-03-01 22:49:46",18.0806713104248,59.2993011474609,f
10745,"2013-03-01 22:48:57",18.1008205413818,59.2622756958008,f
10612,"2013-03-01 22:49:02",18.0436172485352,59.3295822143555,f
10142,"2013-03-01 22:49:09",18.0306510925293,59.3324165344238,t
10623,"2013-03-05 15:06:01",18.0099334716797,59.3808822631836,t
10993,"2013-03-01 22:49:42",18.0758419036865,59.2935981750488,t
11728,"2013-03-01 22:48:56",18.0453338623047,59.453929901123,f
11413,"2013-03-08 18:07:15",18.0325584411621,59.3342094421387,t
10627,"2013-03-01 22:49:45",17.9022674560547,59.5452308654785,f
11409,"2013-03-08 18:06:55",18.1956462860107,59.2987976074219,f
11446,"2013-03-01 22:49:41",18.0781936645508,59.3149795532227,f
10493,"2013-03-08 18:07:25",18.0893154144287,59.2737579345703,t
10371,"2013-03-01 22:49:54",18.0355453491211,59.4750938415527,f
11330,"2013-03-01 22:49:08",18.0260124206543,59.3408470153809,t
10275,"2013-03-08 18:07:16",18.0869636535645,59.3348197937012,t
10942,"2013-03-08 18:07:42",17.9470748901367,59.2892913818359,f
11324,"2013-03-01 22:49:37",18.1003112792969,59.3284339904785,t
10340,"2013-03-01 22:49:41",18.0583629608154,59.4101943969727,f
11745,"2013-03-05 15:05:56",18.1774063110352,59.3135452270508,f
10618,"2013-03-05 15:06:11",17.9734516143799,59.3677177429199,t
11424,"2013-03-01 22:49:44",18.0963706970215,59.2678375244141,t
10749,"2013-03-01 22:49:19",18.0606517791748,59.3290786743164,f
10235,"2013-03-01 22:49:21",18.0884895324707,59.287425994873,f
11315,"2013-03-05 15:06:21",18.0059928894043,59.3149795532227,f
10496,"2013-03-08 18:06:53",18.0242328643799,59.3299026489258,f
11589,"2013-03-01 22:49:49",18.0735530853271,59.3329887390137,f
10224,"2013-03-08 18:06:47",18.0994205474854,59.347843170166,f
11317,"2013-03-05 15:06:23",18.0272197723389,59.3017768859863,f
11577,"2013-03-01 22:49:00",18.0733623504639,59.3146209716797,t
10831,"2013-03-01 22:49:43",17.9573707580566,59.3021354675293,t
10629,"2013-03-05 15:06:25",18.1059684753418,59.3007354736328,f
11585,"2013-03-01 22:49:13",18.0642738342285,59.3447914123535,t
10989,"2013-03-05 15:05:39",18.0262660980225,59.3406295776367,t
10159,"2013-03-01 22:49:00",17.9243202209473,59.506950378418,t
10824,"2013-03-01 22:49:33",18.089506149292,59.3020629882812,f
11588,"2013-03-01 22:49:10",18.0581092834473,59.3443260192871,t
11593,"2013-03-01 22:48:57",18.0663070678711,59.3252754211426,f
10494,"2013-03-08 18:07:34",17.9001693725586,59.5756568908691,t
11597,"2013-03-01 22:49:23",18.1021537780762,59.346549987793,t
10830,"2013-03-01 22:48:59",18.1805839538574,59.2576866149902,f
10614,"2013-03-05 15:05:49",17.9503154754639,59.4364204406738,t
10160,"2013-03-01 22:49:45",17.9109745025635,59.4625015258789,f
10083,"2013-03-01 22:49:22",18.0841045379639,59.296501159668,f
10982,"2013-03-05 15:05:56",18.0701847076416,59.3362884521484,t
10990,"2013-03-05 15:05:32",18.0035762786865,59.3142623901367,f
10217,"2013-03-08 18:07:39",18.042537689209,59.3897819519043,f
11596,"2013-03-01 22:49:05",18.1111164093018,59.3060455322266,t
11306,"2013-03-05 15:06:16",17.9836196899414,59.3956298828125,f
11583,"2013-03-01 22:49:03",18.0114574432373,59.3362884521484,t
10820,"2013-03-01 22:49:43",17.9885139465332,59.3205032348633,f
10821,"2013-03-01 22:49:01",18.1601181030273,59.3178863525391,t
10048,"2013-03-08 18:07:43",18.0267124176025,59.3431434631348,f
10634,"2013-03-01 22:49:42",18.0472412109375,59.3325576782227,f
11297,"2013-03-05 15:05:48",17.8998527526855,59.5859527587891,t
11301,"2013-03-05 15:05:56",18.0753974914551,59.3335647583008,t
10164,"2013-03-01 22:49:48",17.9252109527588,59.517463684082,f
10978,"2013-03-05 15:05:35",18.2086753845215,59.2124824523926,f
11414,"2013-03-08 18:07:17",17.9431343078613,59.3617248535156,f
11729,"2013-03-05 15:06:19",18.3818054199219,59.307014465332,f
10231,"2013-03-01 22:49:05",18.0708847045898,59.330192565918,t
10161,"2013-03-01 22:49:07",18.0858192443848,59.4393272399902,t
10825,"2013-03-01 22:49:43",17.9151058197021,59.5342178344727,t
10503,"2013-03-08 18:07:10",17.9000415802002,59.5492134094238,t
10676,"2013-03-08 18:06:57",17.6279544830322,59.5275802612305,f
10328,"2013-03-01 22:49:50",17.9091300964355,59.2073135375977,f
11416,"2013-03-08 18:07:40",17.9813327789307,59.3720207214355,f
10165,"2013-03-01 22:49:17",17.6463222503662,59.1510276794434,t
10492,"2013-03-08 18:06:51",17.9983654022217,59.3183898925781,t
11420,"2013-03-05 15:06:01",18.0747604370117,59.3199653625488,t
10994,"2013-03-01 22:49:34",18.0685958862305,59.3325576782227,t
10253,"2013-03-01 22:49:23",18.042854309082,59.3846168518066,t
10319,"2013-03-01 22:49:10",18.0819435119629,59.3385124206543,f
11106,"2013-03-01 22:49:25",18.0588073730469,59.3319854736328,f
10486,"2013-03-08 18:06:45",18.0672607421875,59.3298301696777,t
10576,"2013-03-08 18:07:01",17.8892364501953,59.3254928588867,t
10247,"2013-03-01 22:49:17",17.9156131744385,59.3745346069336,f
10184,"2013-03-08 18:07:35",18.0810527801514,59.3370056152344,f
10488,"2013-03-08 18:07:05",18.0553760528564,59.3380126953125,t
11181,"2013-03-08 18:07:12",17.9783458709717,59.3335266113281,t
10317,"2013-03-01 22:49:28",18.067325592041,59.3360404968262,t
11013,"2013-03-01 22:48:58",18.0255680084229,59.3794479370117,t
11321,"2013-03-05 15:06:00",17.9745941162109,59.2373428344727,f
10031,"2013-03-01 22:49:33",18.2297763824463,59.4951858520508,t
10643,"2013-03-05 15:05:44",18.2128067016602,59.3180274963379,f
10500,"2013-03-08 18:07:40",18.0600166320801,59.3419952392578,t
10995,"2013-03-01 22:49:54",17.9410362243652,59.4408340454102,t
11144,"2013-03-01 22:49:40",18.057409286499,59.3418884277344,f
10159,"2013-03-05 15:05:45",18.0677051544189,59.3217582702637,f
11546,"2013-03-08 18:07:17",18.135648727417,59.3663177490234,f
11590,"2013-03-05 15:06:25",18.0794010162354,59.3151588439941,f
10323,"2013-03-01 22:49:33",18.0573463439941,59.3339233398438,f
10167,"2013-03-01 22:49:02",18.0055465698242,59.2952117919922,f
10722,"2013-03-05 15:05:58",18.0642738342285,59.3303337097168,f
11151,"2013-03-01 22:49:25",17.9740238189697,59.4655876159668,f
10320,"2013-03-01 22:48:42",18.0542316436768,59.3332061767578,f
11150,"2013-03-01 22:49:21",18.0702476501465,59.3413124084473,t
10312,"2013-03-01 22:49:03",17.9363975524902,59.6465110778809,t
10633,"2013-03-05 15:06:31",18.0586185455322,59.3356094360352,f
11320,"2013-03-05 15:06:34",17.9592132568359,59.3510704040527,t
11575,"2013-03-05 15:06:25",17.9388751983643,59.328971862793,f
10414,"2013-03-08 18:07:45",18.3935642242432,59.3218688964844,f
10526,"2013-03-01 22:49:00",18.0613498687744,59.3449363708496,t
10781,"2013-03-05 15:05:33",17.8996601104736,59.3581733703613,f
11614,"2013-03-08 18:07:38",18.0675163269043,59.3467674255371,t
10289,"2013-03-01 22:49:20",17.9351253509521,59.4388961791992,f
10298,"2013-03-01 22:49:30",17.9108467102051,59.375072479248,t
10636,"2013-03-08 18:07:15",18.1042518615723,59.337474822998,t
10063,"2013-03-08 18:06:52",17.9432601928711,59.3705520629883,t
10397,"2013-03-08 18:07:00",18.1023445129395,59.2951774597168,t
11492,"2013-03-01 22:49:44",18.0366897583008,59.405460357666,t
10894,"2013-03-01 22:49:36",18.0314788818359,59.3149452209473,f
10634,"2013-03-05 15:06:35",18.0397415161133,59.3457260131836,t
10961,"2013-03-08 18:07:25",18.0758419036865,59.3250617980957,t
10640,"2013-03-05 15:06:04",18.0397415161133,59.3465156555176,t
10053,"2013-03-01 22:49:06",18.029317855835,59.3429641723633,t
10792,"2013-03-08 18:07:41",17.9144706726074,59.5345764160156,t
10645,"2013-03-05 15:06:01",17.9369697570801,59.443416595459,t
10349,"2013-03-01 22:48:54",18.074634552002,59.3116416931152,t
10292,"2013-03-01 22:49:03",17.934045791626,59.4106597900391,t
10082,"2013-03-05 15:06:23",17.9709091186523,59.3492050170898,t
10892,"2013-03-01 22:49:06",17.8894271850586,59.3995742797852,f
10132,"2013-03-05 15:05:40",18.0085983276367,59.2987632751465,t
10345,"2013-03-01 22:49:33",17.9958229064941,59.4264450073242,t
11552,"2013-03-08 18:07:24",18.0251865386963,59.3442916870117,f
10341,"2013-03-01 22:49:48",18.058744430542,59.3307304382324,f
11324,"2013-03-05 15:06:05",18.0273475646973,59.3244132995605,t
10338,"2013-03-01 22:48:55",18.0746974945068,59.3113555908203,f
10524,"2013-03-01 22:49:40",18.0893783569336,59.2433700561523,t
11318,"2013-03-05 15:06:21",18.0294456481934,59.3481636047363,f
10311,"2013-03-05 15:06:20",17.8987712860107,59.6033515930176,f
11152,"2013-03-01 22:49:17",18.1861763000488,59.3422088623047,t
11561,"2013-03-08 18:06:43",18.0815620422363,59.3334541320801,t
11178,"2013-03-01 22:49:51",18.0380249023438,59.3494911193848,t
10234,"2013-03-05 15:06:06",17.9468841552734,59.3414573669434,f
10165,"2013-03-05 15:06:19",18.0204830169678,59.3044662475586,f
11161,"2013-03-01 22:48:55",18.0143184661865,59.2830848693848,f
10339,"2013-03-01 22:49:28",18.0736808776855,59.3296546936035,f
10324,"2013-03-05 15:06:17",18.0075168609619,59.3317337036133,f
10832,"2013-03-05 15:05:44",18.0683422088623,59.3204345703125,f
10888,"2013-03-01 22:49:40",18.0049114227295,59.385082244873,t
10313,"2013-03-05 15:05:43",18.0251865386963,59.3083419799805,t
10538,"2013-03-01 22:49:37",18.0209274291992,59.3520050048828,t
11174,"2013-03-01 22:48:59",18.0801620483398,59.2531280517578,f
10651,"2013-03-01 22:49:32",17.8986434936523,59.6029205322266,t
10541,"2013-03-01 22:49:08",18.0228977203369,59.3648452758789,f
10226,"2013-03-05 15:06:21",17.9121189117432,59.5360107421875,t
10067,"2013-03-01 22:49:46",18.0363712310791,59.3494567871094,t
10595,"2013-03-08 18:07:07",18.0835952758789,59.3008079528809,f
11435,"2013-03-01 22:49:35",18.0537242889404,59.3545875549316,t
11438,"2013-03-01 22:49:36",18.0790195465088,59.3362197875977,f
10621,"2013-03-08 18:07:20",18.1755638122559,59.252124786377,f
10085,"2013-03-01 22:49:43",18.0684051513672,59.3310508728027,t
11162,"2013-03-01 22:49:35",18.0588073730469,59.3309440612793,t
11111,"2013-03-08 18:07:13",18.2290134429932,59.2455940246582,f
11555,"2013-03-08 18:07:35",17.9483451843262,59.3381195068359,t
10222,"2013-03-08 18:07:36",18.0284900665283,59.3234100341797,t
10012,"2013-03-01 22:49:52",18.0750141143799,59.3230857849121,t
10554,"2013-03-08 18:07:33",18.0421562194824,59.2662239074707,f
10649,"2013-03-01 22:48:56",18.1406707763672,59.194507598877,f
10016,"2013-03-05 15:05:58",17.9971580505371,59.3224792480469,t
11166,"2013-03-01 22:49:49",17.8345775604248,59.4247245788574,t
11163,"2013-03-01 22:49:42",18.0641479492188,59.3355712890625,f
10630,"2013-03-08 18:07:18",18.1772785186768,59.3418502807617,t
10648,"2013-03-01 22:49:07",18.0368175506592,59.2976875305176,t
11204,"2013-03-01 22:49:47",18.0514354705811,59.3159103393555,f
11593,"2013-03-05 15:05:55",18.0260124206543,59.2640342712402,t
11175,"2013-03-01 22:49:56",18.0204830169678,59.3680038452148,t
11199,"2013-03-01 22:49:47",18.0269012451172,59.335391998291,f
11553,"2013-03-08 18:07:27",18.0127296447754,59.2738304138184,t
11436,"2013-03-01 22:48:57",17.9010581970215,59.5799255371094,f
11167,"2013-03-01 22:49:23",18.0446357727051,59.3483085632324,t
10351,"2013-03-08 18:07:16",18.0207366943359,59.3640937805176,f
10833,"2013-03-05 15:05:35",18.03395652771,59.3155517578125,f
10084,"2013-03-08 18:07:30",17.8157653808594,59.3712348937988,t
11196,"2013-03-01 22:49:33",17.8964824676514,59.593807220459,f
10346,"2013-03-08 18:07:38",17.9814586639404,59.3967399597168,t
10647,"2013-03-01 22:49:09",17.9292144775391,59.5051231384277,t
10326,"2013-03-05 15:05:47",17.9653797149658,59.3376159667969,t
10821,"2013-03-05 15:05:35",17.9660148620605,59.346981048584,f
11429,"2013-03-01 22:49:23",18.0335121154785,59.3537979125977,f
10704,"2013-03-01 22:49:19",18.0767955780029,59.3324165344238,t
10055,"2013-03-01 22:49:11",18.0430469512939,59.3495292663574,f
10026,"2013-03-01 22:49:24",17.8976268768311,59.5651435852051,f
10316,"2013-03-05 15:05:58",18.0691680908203,59.338191986084,t
11621,"2013-03-08 18:07:44",18.0619220733643,59.3487396240234,f
11227,"2013-03-08 18:07:46",18.6289176940918,59.7436981201172,f
10167,"2013-03-05 15:06:30",18.0614776611328,59.2934532165527,f
11453,"2013-03-01 22:49:08",18.0563926696777,59.3207550048828,t
10255,"2013-03-01 22:49:22",18.0353565216064,59.3399505615234,t
10425,"2013-03-08 18:07:08",18.0159072875977,59.3547286987305,t
11457,"2013-03-01 22:49:41",18.055757522583,59.269416809082,f
10032,"2013-03-05 15:06:21",18.1044425964355,59.3008804321289,f
10548,"2013-03-01 22:48:57",18.0784473419189,59.3141174316406,t
10230,"2013-03-05 15:06:02",17.8995971679688,59.5503616333008,t
10315,"2013-03-05 15:05:36",18.0666255950928,59.3236618041992,f
10258,"2013-03-01 22:49:26",17.722017288208,59.8402404785156,f
10825,"2013-03-05 15:06:20",18.0781936645508,59.3292579650879,t
10717,"2013-03-01 22:49:16",17.9303588867188,59.6481971740723,f
10546,"2013-03-01 22:49:17",17.924129486084,59.4979133605957,f
11448,"2013-03-01 22:49:32",18.0210552215576,59.280143737793,t
10716,"2013-03-01 22:49:17",18.0783195495605,59.308952331543,t
11293,"2013-03-08 18:07:41",18.1512832641602,59.3070526123047,t
10260,"2013-03-01 22:49:01",17.9221591949463,59.4948272705078,t
11460,"2013-03-01 22:49:15",18.0567111968994,59.2505111694336,f
10972,"2013-03-08 18:07:40",17.8437938690186,59.3662109375,t
11213,"2013-03-01 22:49:34",17.9683036804199,59.4123840332031,f
10115,"2013-03-05 15:06:04",17.8961658477783,59.2659721374512,f
10253,"2013-03-05 15:06:31",18.0916042327881,59.2403221130371,t
10882,"2013-03-05 15:06:14",17.9018840789795,59.5458793640137,t
11492,"2013-03-05 15:06:31",17.9561634063721,59.3514289855957,t
11456,"2013-03-01 22:49:15",18.1544628143311,59.2174301147461,f
11158,"2013-03-05 15:05:46",18.0812435150146,59.2920913696289,f
10688,"2013-03-01 22:49:27",17.817798614502,59.3794860839844,f
11059,"2013-03-08 18:07:19",18.3058547973633,59.4180526733398,f
10709,"2013-03-01 22:48:59",18.0705032348633,59.334171295166,t
10286,"2013-03-05 15:06:20",18.0566463470459,59.3307647705078,f
10550,"2013-03-01 22:48:54",18.0683422088623,59.3205757141113,t
10556,"2013-03-01 22:48:59",18.0661811828613,59.3326301574707,f
10886,"2013-03-05 15:06:08",18.0612869262695,59.2887916564941,f
10547,"2013-03-01 22:49:45",18.0431728363037,59.3263168334961,f
10549,"2013-03-01 22:49:39",18.0792102813721,59.3043594360352,t
11114,"2013-03-05 15:06:20",18.040376663208,59.2954978942871,f
10836,"2013-03-01 22:49:49",18.05442237854,59.3211517333984,t
10729,"2013-03-01 22:48:56",18.0806713104248,59.4379615783691,f
10279,"2013-03-01 22:49:28",18.0192127227783,59.3140830993652,t
11062,"2013-03-08 18:07:41",17.9592132568359,59.3441467285156,f
10835,"2013-03-01 22:49:25",18.0525798797607,59.3176345825195,f
11079,"2013-03-08 18:07:40",18.0105686187744,59.3778343200684,f
10844,"2013-03-01 22:49:48",18.0764141082764,59.3308715820312,f
11216,"2013-03-01 22:49:51",18.03440284729,59.4103393554688,t
10841,"2013-03-01 22:49:37",17.8995342254639,59.585807800293,t
10738,"2013-03-01 22:49:36",17.9401473999023,59.3705177307129,f
11609,"2013-03-01 22:49:27",17.9241943359375,59.5094985961914,f
11022,"2013-03-01 22:49:01",17.9916915893555,59.2905464172363,t
10742,"2013-03-01 22:49:51",17.9147872924805,59.5343627929688,t
10263,"2013-03-01 22:49:13",18.3469772338867,59.4267311096191,t
11617,"2013-03-01 22:49:49",18.0608425140381,59.327751159668,t
11033,"2013-03-01 22:49:35",18.1052684783936,59.3569526672363,t
10029,"2013-03-05 15:06:11",17.8375015258789,59.3643074035645,f
11147,"2013-03-05 15:05:35",18.0398044586182,59.3530807495117,t
10038,"2013-03-08 18:07:24",17.9208240509033,59.5310592651367,f
11013,"2013-03-05 15:06:29",18.0781307220459,59.3150520324707,f
10837,"2013-03-01 22:49:29",18.0671977996826,59.3401298522949,t
10028,"2013-03-01 22:48:54",18.0105056762695,59.2860260009766,t
10996,"2013-03-05 15:05:35",18.061222076416,59.3352851867676,t
11030,"2013-03-01 22:48:56",18.0598258972168,59.3302268981934,f
10266,"2013-03-01 22:49:45",18.0362453460693,59.328685760498,f
10881,"2013-03-05 15:05:45",17.8999156951904,59.5743637084961,t
10274,"2013-03-01 22:49:06",18.0135555267334,59.3062973022461,t
10884,"2013-03-05 15:06:34",17.9023933410645,59.5451965332031,f
11061,"2013-03-08 18:07:25",18.0596332550049,59.3347816467285,t
10803,"2013-03-08 18:07:18",18.0927486419678,59.2749404907227,f
11178,"2013-03-05 15:06:05",18.0928745269775,59.2758407592773,t
10342,"2013-03-05 15:06:04",18.0731086730957,59.3192863464355,f
11027,"2013-03-01 22:49:51",18.0129833221436,59.3405952453613,t
10280,"2013-03-01 22:49:41",18.0352916717529,59.3487396240234,t
10003,"2013-03-05 15:06:20",18.010950088501,59.2596588134766,f
10264,"2013-03-01 22:49:07",18.0349731445312,59.327751159668,t
10269,"2013-03-01 22:49:24",17.9811401367188,59.2886123657227,f
10918,"2013-03-01 22:49:00",18.0743160247803,59.3409881591797,f
10893,"2013-03-05 15:05:36",17.9492988586426,59.396240234375,t
10337,"2013-03-05 15:06:11",17.9204444885254,59.4922065734863,t
10932,"2013-03-01 22:49:14",18.0745067596436,59.3268890380859,f
10999,"2013-03-05 15:06:02",18.1015186309814,59.336254119873,t
10887,"2013-03-05 15:05:44",18.0092964172363,59.343822479248,t
11182,"2013-03-01 22:49:06",17.9116725921631,59.6226539611816,t
11161,"2013-03-05 15:05:42",18.0209922790527,59.3026390075684,t
10380,"2013-03-01 22:48:58",17.9994468688965,59.3807411193848,t
11184,"2013-03-01 22:49:09",17.9002952575684,59.584659576416,f
10916,"2013-03-01 22:48:58",18.0482578277588,59.3502464294434,f
10387,"2013-03-01 22:49:34",18.1767692565918,59.3100624084473,f
11607,"2013-03-05 15:06:27",17.8984527587891,59.5713157653809,t
11109,"2013-03-05 15:06:23",18.0089168548584,59.3373641967773,t
10091,"2013-03-01 22:49:19",17.9238758087158,59.4402236938477,f
10526,"2013-03-05 15:06:18",18.0334491729736,59.3344955444336,t
10846,"2013-03-01 22:48:52",18.0727272033691,59.3141174316406,t
10538,"2013-03-05 15:06:02",18.0630664825439,59.3300132751465,t
10381,"2013-03-01 22:49:49",18.1029167175293,59.2463836669922,f
11108,"2013-03-01 22:49:18",18.1536998748779,59.3569526672363,t
11174,"2013-03-05 15:06:14",17.8995971679688,59.6104202270508,t
10913,"2013-03-01 22:49:42",17.9565448760986,59.3498153686523,t
10930,"2013-03-01 22:49:52",18.042854309082,59.3788375854492,f
10535,"2013-03-05 15:05:57",18.0179405212402,59.3328094482422,t
10052,"2013-03-05 15:06:01",18.0392322540283,59.3798789978027,f
10931,"2013-03-01 22:49:01",18.1053314208984,59.3016700744629,f
10850,"2013-03-01 22:48:59",18.009105682373,59.364990234375,t
10529,"2013-03-05 15:06:22",17.9443416595459,59.4243316650391,t
11567,"2013-03-08 18:06:41",18.0654182434082,59.3332405090332,t
11139,"2013-03-01 22:49:30",18.0629386901855,59.3354644775391,f
10935,"2013-03-01 22:49:31",16.4982242584229,59.384578704834,t
11190,"2013-03-01 22:49:36",18.0828952789307,59.280574798584,t
10349,"2013-03-05 15:05:53",17.9984912872314,59.3895301818848,t
11438,"2013-03-05 15:06:00",18.0581092834473,59.3120384216309,f
10691,"2013-03-01 22:49:49",18.0804805755615,59.2993354797363,t
11444,"2013-03-05 15:06:07",18.0402488708496,59.3509979248047,t
11493,"2013-03-01 22:49:45",17.9423084259033,59.4324722290039,t
11467,"2013-03-01 22:48:58",18.0964984893799,59.2356948852539,f
10701,"2013-03-01 22:49:12",18.0680236816406,59.3330268859863,t
11495,"2013-03-01 22:49:46",18.0431728363037,59.328971862793,f
10959,"2013-03-08 18:07:29",18.0753326416016,59.3295097351074,t
10040,"2013-03-01 22:49:56",18.1420059204102,59.1772880554199,f
11069,"2013-03-08 18:07:39",18.0636386871338,59.3354301452637,t
11494,"2013-03-01 22:49:12",17.9339828491211,59.2939567565918,f
11488,"2013-03-01 22:49:08",17.9349994659424,59.6456832885742,f
11166,"2013-03-05 15:05:58",18.0205478668213,59.329761505127,f
10521,"2013-03-05 15:06:27",17.9997005462646,59.2927703857422,t
10404,"2013-03-01 22:49:07",18.0605239868164,59.3317337036133,f
10964,"2013-03-08 18:07:43",18.0693588256836,59.3076248168945,f
10811,"2013-03-08 18:07:06",17.9552097320557,59.3565254211426,f
11485,"2013-03-01 22:49:49",18.0680885314941,59.3359680175781,t
10655,"2013-03-05 15:06:11",18.054931640625,59.3181381225586,f
11336,"2013-03-01 22:49:28",18.0883617401123,59.3048629760742,t
10143,"2013-03-05 15:06:10",18.0601425170898,59.3296546936035,f
11056,"2013-03-08 18:06:52",17.9904842376709,59.4366340637207,t
10696,"2013-03-01 22:49:35",18.1237640380859,59.3639488220215,f
11436,"2013-03-05 15:05:58",17.9248924255371,59.501106262207,f
10504,"2013-03-08 18:07:12",18.0669441223145,59.3360748291016,t
11341,"2013-03-01 22:49:49",18.056266784668,59.3335266113281,t
10948,"2013-03-01 22:49:48",18.1097183227539,59.3129348754883,f
10134,"2013-03-01 22:49:21",17.9250202178955,59.5041885375977,t
11319,"2013-03-08 18:07:03",17.8983898162842,59.5559959411621,t
10537,"2013-03-05 15:05:45",17.9238758087158,59.4236831665039,t
11479,"2013-03-01 22:49:13",18.1054592132568,59.3487396240234,f
10542,"2013-03-08 18:07:30",18.0627498626709,59.3417434692383,t
10362,"2013-03-08 18:06:43",18.0769214630127,59.3042182922363,f
10941,"2013-03-01 22:49:15",18.0502281188965,59.3395881652832,t
10416,"2013-03-08 18:07:11",18.0678329467773,59.3331336975098,t
11462,"2013-03-01 22:49:49",18.0619869232178,59.3405952453613,t
10307,"2013-03-08 18:07:25",17.935697555542,59.6455078125,t
11083,"2013-03-08 18:07:18",18.1108627319336,59.3083419799805,f
10694,"2013-03-01 22:49:13",17.9491081237793,59.4409408569336,f
10695,"2013-03-01 22:49:28",18.0518798828125,59.3325576782227,t
10714,"2013-03-05 15:05:50",18.0098686218262,59.3811340332031,t
10582,"2013-03-08 18:07:11",17.9726257324219,59.4024467468262,f
11217,"2013-03-01 22:49:39",18.0188312530518,59.3323440551758,t
11315,"2013-03-08 18:07:20",18.008279800415,59.3800964355469,t
10667,"2013-03-01 22:49:43",18.0307159423828,59.3385848999023,t
10309,"2013-03-08 18:07:47",17.9303588867188,59.6337738037109,t
10066,"2013-03-01 22:49:36",17.9717979431152,59.3210792541504,t
10435,"2013-03-01 22:49:48",18.0763492584229,59.3290786743164,f
11238,"2013-03-01 22:49:28",17.7572288513184,59.4841003417969,f
10642,"2013-03-08 18:07:27",18.1479797363281,59.3627662658691,t
10124,"2013-03-01 22:49:26",18.0781307220459,59.3339233398438,f
10043,"2013-03-01 22:49:48",18.0127925872803,59.3354301452637,f
11602,"2013-03-01 22:49:17",18.0852489471436,59.3423156738281,t
11233,"2013-03-01 22:49:11",18.0528335571289,59.3327026367188,t
10437,"2013-03-01 22:49:34",17.9386215209961,59.3400192260742,f
10429,"2013-03-01 22:49:41",18.0019245147705,59.251335144043,t
10558,"2013-03-05 15:06:35",18.0406932830811,59.3513946533203,f
11295,"2013-03-08 18:06:46",18.0738716125488,59.3217582702637,t
10660,"2013-03-01 22:49:05",18.1557960510254,59.2278709411621,f
10548,"2013-03-05 15:05:31",17.9409732818604,59.5122261047363,f
10303,"2013-03-08 18:06:58",18.0242977142334,59.3504981994629,t
11232,"2013-03-01 22:49:13",18.0426006317139,59.4751663208008,f
10658,"2013-03-01 22:49:42",17.9365234375,59.6455764770508,t
10663,"2013-03-01 22:49:54",18.0596332550049,59.3301200866699,f
10671,"2013-03-01 22:49:19",18.0453338623047,59.3488464355469,t
11369,"2013-03-01 22:49:39",17.9456768035889,59.4130668640137,f
10056,"2013-03-05 15:05:36",17.9190464019775,59.3309783935547,f
11574,"2013-03-05 15:06:16",17.9719886779785,59.402660369873,t
10661,"2013-03-01 22:49:53",18.0296993255615,59.3313026428223,t
10561,"2013-03-05 15:06:25",17.925464630127,59.5265769958496,f
11240,"2013-03-01 22:48:51",18.0578556060791,59.3455467224121,t
11473,"2013-03-01 22:48:58",18.068151473999,59.3323783874512,t
11235,"2013-03-01 22:49:38",18.061731338501,59.3320198059082,f
10306,"2013-03-08 18:07:35",18.0737438201904,59.3376159667969,t
11364,"2013-03-01 22:48:52",18.0642738342285,59.3095245361328,f
10546,"2013-03-05 15:06:02",18.0097427368164,59.3432121276855,t
10721,"2013-03-05 15:06:20",18.068977355957,59.336181640625,t
11362,"2013-03-01 22:49:48",18.0357360839844,59.3396987915039,t
11448,"2013-03-05 15:06:15",18.0464782714844,59.335033416748,t
10779,"2013-03-08 18:06:55",17.8980712890625,59.5883903503418,t
11497,"2013-03-01 22:49:27",18.0389785766602,59.3542633056641,f
10879,"2013-03-05 15:05:49",17.9562892913818,59.3514289855957,t
11228,"2013-03-01 22:49:13",17.9751663208008,59.2356567382812,f
11220,"2013-03-01 22:49:48",18.3029327392578,59.4188766479492,t
10750,"2013-03-01 22:49:12",18.0668163299561,59.3243446350098,f
10711,"2013-03-05 15:06:05",18.0795288085938,58.9768486022949,t
10751,"2013-03-01 22:49:52",17.910083770752,59.5376968383789,f
10152,"2013-03-01 22:49:46",18.030969619751,59.3211135864258,f
10009,"2013-03-01 22:49:56",18.0101871490479,59.3368263244629,t
11208,"2013-03-05 15:06:22",18.0914764404297,59.3171310424805,t
11373,"2013-03-01 22:49:33",18.0896968841553,59.3157691955566,t
10679,"2013-03-01 22:49:10",18.0044021606445,59.2725372314453,f
10075,"2013-03-01 22:49:51",18.0600166320801,59.3395881652832,f
10712,"2013-03-05 15:06:02",18.0594444274902,59.3413467407227,t
10863,"2013-03-01 22:49:12",17.9929637908936,59.2419013977051,t
10675,"2013-03-01 22:49:53",17.8762722015381,59.3625144958496,f
11212,"2013-03-05 15:06:15",17.9674758911133,59.3348541259766,f
11210,"2013-03-05 15:05:53",18.0005893707275,59.2458801269531,f
10300,"2013-03-08 18:07:39",18.0361824035645,59.3388748168945,f
10761,"2013-03-01 22:49:06",18.0530872344971,59.4771041870117,f
10753,"2013-03-01 22:49:18",18.0633201599121,59.3189964294434,f
10090,"2013-03-01 22:48:53",18.038724899292,59.3531150817871,t
10755,"2013-03-01 22:49:37",18.0376434326172,59.3339233398438,t
10862,"2013-03-01 22:49:38",18.0903968811035,59.2980117797852,t
10900,"2013-03-01 22:48:58",18.1026630401611,59.3033561706543,f
10688,"2013-03-05 15:06:02",17.8932418823242,59.3473052978516,t
11214,"2013-03-05 15:06:13",18.0646553039551,59.3343544006348,t
10756,"2013-03-01 22:49:00",17.8996601104736,59.6101684570312,f
10173,"2013-03-01 22:49:54",18.0366268157959,59.2958946228027,t
10876,"2013-03-01 22:48:53",18.0510540008545,59.3431434631348,t
11006,"2013-03-01 22:49:46",18.0405673980713,59.3515357971191,f
10010,"2013-03-01 22:49:06",17.9581336975098,59.2891502380371,f
10705,"2013-03-05 15:06:15",17.884916305542,59.2615242004395,f
10707,"2013-03-05 15:06:15",17.9003601074219,59.4598121643066,t
11510,"2013-03-01 22:49:22",18.0548038482666,59.3335266113281,f
10684,"2013-03-01 22:49:53",18.0841674804688,59.3380126953125,t
10556,"2013-03-05 15:06:05",18.057918548584,59.2880706787109,t
10099,"2013-03-08 18:06:52",18.0699939727783,59.3360404968262,t
11005,"2013-03-01 22:49:25",18.0751419067383,59.3071212768555,t
10677,"2013-03-01 22:49:12",17.9253387451172,59.517894744873,t
11622,"2013-03-01 22:49:29",17.9756755828857,59.2347602844238,f
10977,"2013-03-08 18:07:42",18.2674674987793,59.3164482116699,f
11298,"2013-03-08 18:07:09",18.0753974914551,59.3260650634766,f
10685,"2013-03-01 22:49:16",18.0088520050049,59.2329292297363,f
11004,"2013-03-01 22:48:57",18.0464153289795,59.2872123718262,t
10773,"2013-03-01 22:49:30",18.0723457336426,59.3222618103027,f
10836,"2013-03-05 15:06:14",17.9503803253174,59.4116287231445,t
11019,"2013-03-01 22:49:51",18.080545425415,59.3318061828613,f
11442,"2013-03-08 18:07:33",18.0755233764648,59.3097763061523,f
10419,"2013-03-01 22:49:33",18.056583404541,59.3202171325684,f
10783,"2013-03-01 22:49:37",18.0737438201904,59.3323440551758,t
10835,"2013-03-05 15:05:41",17.8411254882812,59.192066192627,f
10077,"2013-03-01 22:49:32",18.0684051513672,59.338981628418,f
10282,"2013-03-05 15:06:15",17.9304866790771,59.6508865356445,f
11010,"2013-03-01 22:49:50",18.0432376861572,59.3852615356445,f
11112,"2013-03-01 22:49:47",18.0622406005859,59.2950668334961,t
11118,"2013-03-01 22:49:47",18.1576404571533,59.1363182067871,t
10785,"2013-03-01 22:49:30",18.0363082885742,59.3423881530762,t
11032,"2013-03-05 15:05:49",18.0953540802002,59.2896156311035,f
11211,"2013-03-01 22:48:57",18.079719543457,59.3407020568848,f
11040,"2013-03-05 15:05:54",17.9503154754639,59.3939056396484,t
11308,"2013-03-08 18:06:43",17.9561634063721,59.4264450073242,f
11116,"2013-03-01 22:49:45",18.068151473999,59.3334197998047,t
11451,"2013-03-05 15:05:40",17.9003601074219,59.6191711425781,f